,Selection ID,Best Back Price,Best Back Size,Best Lay Price,Best Lay Size,Last Price Traded,Total Matched,Status,Removal Date,Adjustment Factor
0,43653365,5.7,6.21,17.0,5.34,16.5,42.02,ACTIVE,,
1,47017083,1.63,34.19,1.98,10.01,,0.0,ACTIVE,,
2,40762513,16.5,5.5,65.0,5.14,,0.0,ACTIVE,,
3,38214962,15.5,13.17,60.0,5.16,,0.0,ACTIVE,,
4,41286638,9.4,6.59,27.0,6.74,,0.0,ACTIVE,,
5,39787308,38.0,6.75,440.0,7.03,280.0,4.66,ACTIVE,,
6,40733455,4.6,34.17,9.0,5.64,4.7,83.95,ACTIVE,,
7,42324350,8.6,6.66,25.0,7.54,,0.0,ACTIVE,,
0,43653365,5.7,6.21,17.0,5.3,16.5,42.02,ACTIVE,,
1,47017083,1.63,34.19,1.98,10.01,,0.0,ACTIVE,,
2,40762513,16.5,5.5,65.0,5.14,,0.0,ACTIVE,,
3,38214962,15.5,13.17,60.0,5.16,,0.0,ACTIVE,,
4,41286638,9.4,6.59,27.0,6.74,,0.0,ACTIVE,,
5,39787308,38.0,6.75,440.0,7.03,280.0,4.66,ACTIVE,,
6,40733455,4.6,34.17,9.0,5.64,4.7,83.95,ACTIVE,,
7,42324350,8.6,6.66,25.0,7.54,,0.0,ACTIVE,,
0,43653365,5.8,7.91,17.0,5.3,16.5,42.02,ACTIVE,,
1,47017083,1.63,34.19,1.98,10.01,,0.0,ACTIVE,,
2,40762513,16.5,8.98,65.0,5.14,,0.0,ACTIVE,,
3,38214962,16.0,8.99,60.0,8.64,,0.0,ACTIVE,,
4,41286638,9.6,6.59,28.0,9.2,,0.0,ACTIVE,,
5,39787308,40.0,5.24,440.0,7.03,280.0,4.66,ACTIVE,,
6,40733455,4.6,34.17,8.8,7.35,4.7,83.95,ACTIVE,,
7,42324350,9.0,5.67,25.0,7.54,,0.0,ACTIVE,,
0,43653365,6.0,10.58,17.0,5.3,16.5,42.02,ACTIVE,,
1,47017083,1.63,34.19,1.98,10.01,,0.0,ACTIVE,,
2,40762513,16.5,8.98,65.0,5.14,,0.0,ACTIVE,,
3,38214962,16.0,8.99,60.0,8.64,,0.0,ACTIVE,,
4,41286638,9.6,5.68,28.0,9.2,,0.0,ACTIVE,,
5,39787308,40.0,5.24,440.0,7.03,280.0,4.66,ACTIVE,,
6,40733455,4.6,34.17,8.8,6.89,4.7,83.95,ACTIVE,,
7,42324350,8.4,19.37,25.0,7.54,,0.0,ACTIVE,,
0,43653365,6.2,7.91,17.0,5.3,16.5,42.02,ACTIVE,,
1,47017083,1.63,34.19,1.98,10.01,,0.0,ACTIVE,,
2,40762513,16.5,8.98,65.0,5.14,,0.0,ACTIVE,,
3,38214962,16.0,8.99,60.0,8.64,,0.0,ACTIVE,,
4,41286638,9.6,9.16,28.0,9.2,,0.0,ACTIVE,,
5,39787308,40.0,5.24,440.0,7.03,280.0,4.66,ACTIVE,,
6,40733455,4.6,34.17,8.4,7.64,4.7,83.95,ACTIVE,,
7,42324350,8.8,5.38,25.0,7.54,,0.0,ACTIVE,,
0,43653365,6.4,8.57,19.0,14.26,16.5,42.02,ACTIVE,,
1,47017083,1.63,34.19,1.98,10.01,,0.0,ACTIVE,,
2,40762513,16.5,8.98,65.0,5.14,,0.0,ACTIVE,,
3,38214962,16.0,8.99,60.0,8.64,,0.0,ACTIVE,,
4,41286638,9.6,9.16,28.0,9.2,,0.0,ACTIVE,,
5,39787308,40.0,5.24,440.0,7.03,280.0,4.66,ACTIVE,,
6,40733455,4.6,34.17,8.4,7.64,4.7,83.95,ACTIVE,,
7,42324350,9.0,7.86,25.0,7.54,,0.0,ACTIVE,,
0,43653365,6.6,7.33,19.0,14.26,16.5,42.02,ACTIVE,,
1,47017083,1.63,56.88,1.98,10.01,,0.0,ACTIVE,,
2,40762513,16.5,8.98,65.0,5.14,,0.0,ACTIVE,,
3,38214962,16.0,8.99,60.0,8.64,,0.0,ACTIVE,,
4,41286638,9.6,9.16,28.0,9.2,,0.0,ACTIVE,,
5,39787308,40.0,5.24,440.0,7.03,280.0,4.66,ACTIVE,,
6,40733455,4.6,34.17,8.4,7.64,4.7,83.95,ACTIVE,,
7,42324350,9.0,7.86,25.0,7.54,,0.0,ACTIVE,,
0,43653365,6.0,14.96,19.0,14.26,16.5,42.02,ACTIVE,,
1,47017083,1.63,56.88,1.98,10.01,,0.0,ACTIVE,,
2,40762513,16.5,8.98,65.0,5.14,,0.0,ACTIVE,,
3,38214962,16.0,8.99,60.0,8.64,,0.0,ACTIVE,,
4,41286638,9.6,9.16,27.0,7.18,,0.0,ACTIVE,,
5,39787308,40.0,5.24,440.0,7.03,280.0,4.66,ACTIVE,,
6,40733455,4.6,34.17,8.4,7.64,4.7,83.95,ACTIVE,,
7,42324350,9.0,7.86,25.0,7.54,,0.0,ACTIVE,,
0,43653365,7.0,9.15,19.0,14.26,16.5,42.02,ACTIVE,,
1,47017083,1.63,56.88,1.98,10.01,,0.0,ACTIVE,,
2,40762513,17.0,12.49,65.0,5.14,,0.0,ACTIVE,,
3,38214962,16.0,8.99,60.0,8.64,,0.0,ACTIVE,,
4,41286638,9.6,9.16,27.0,7.18,,0.0,ACTIVE,,
5,39787308,40.0,5.24,440.0,7.03,280.0,4.66,ACTIVE,,
6,40733455,4.6,34.17,8.4,7.64,4.7,83.95,ACTIVE,,
7,42324350,8.8,5.38,25.0,7.54,,0.0,ACTIVE,,
0,43653365,7.0,9.15,19.0,14.26,16.5,42.02,ACTIVE,,
1,47017083,1.63,56.88,1.98,10.01,,0.0,ACTIVE,,
2,40762513,16.5,7.13,65.0,5.14,,0.0,ACTIVE,,
3,38214962,16.0,8.99,60.0,8.64,,0.0,ACTIVE,,
4,41286638,9.6,9.16,27.0,7.18,,0.0,ACTIVE,,
5,39787308,40.0,5.24,440.0,7.03,280.0,4.66,ACTIVE,,
6,40733455,4.6,34.17,8.4,7.64,4.7,83.95,ACTIVE,,
7,42324350,8.4,19.37,25.0,7.54,,0.0,ACTIVE,,
0,43653365,5.3,13.14,19.0,14.26,16.5,42.02,ACTIVE,,
1,47017083,1.64,130.26,1.98,10.01,,0.0,ACTIVE,,
2,40762513,16.5,7.13,65.0,5.14,,0.0,ACTIVE,,
3,38214962,16.0,8.99,60.0,8.64,,0.0,ACTIVE,,
4,41286638,9.6,9.16,27.0,7.18,,0.0,ACTIVE,,
5,39787308,40.0,5.24,440.0,7.03,280.0,4.66,ACTIVE,,
6,40733455,4.6,34.17,10.0,7.18,4.7,83.95,ACTIVE,,
7,42324350,9.0,7.86,25.0,7.54,,0.0,ACTIVE,,
0,43653365,5.5,7.15,17.0,5.3,16.5,42.02,ACTIVE,,
1,47017083,1.64,130.26,1.98,10.01,,0.0,ACTIVE,,
2,40762513,16.0,11.31,65.0,5.14,,0.0,ACTIVE,,
3,38214962,16.0,5.51,60.0,5.16,,0.0,ACTIVE,,
4,41286638,9.6,5.68,28.0,5.72,,0.0,ACTIVE,,
5,39787308,38.0,6.75,440.0,7.03,280.0,4.66,ACTIVE,,
6,40733455,4.6,34.17,10.0,7.64,4.7,83.95,ACTIVE,,
7,42324350,8.8,5.38,25.0,7.54,,0.0,ACTIVE,,
0,43653365,5.5,10.1,17.0,5.3,16.5,42.02,ACTIVE,,
1,47017083,1.58,130.26,1.98,10.01,,0.0,ACTIVE,,
2,40762513,16.0,11.31,65.0,5.14,,0.0,ACTIVE,,
3,38214962,16.0,5.51,60.0,5.16,,0.0,ACTIVE,,
4,41286638,9.6,5.68,28.0,5.72,,0.0,ACTIVE,,
5,39787308,38.0,6.75,440.0,7.03,280.0,4.66,ACTIVE,,
6,40733455,4.6,34.17,10.0,7.64,4.7,83.95,ACTIVE,,
7,42324350,8.8,5.38,25.0,7.54,,0.0,ACTIVE,,
0,43653365,5.7,6.11,17.0,5.3,16.5,42.02,ACTIVE,,
1,47017083,1.6,5.08,1.98,10.01,,0.0,ACTIVE,,
2,40762513,16.0,11.46,65.0,5.14,,0.0,ACTIVE,,
3,38214962,16.5,5.13,60.0,5.16,,0.0,ACTIVE,,
4,41286638,9.6,5.98,28.0,5.72,,0.0,ACTIVE,,
5,39787308,38.0,6.81,440.0,7.03,280.0,4.66,ACTIVE,,
6,40733455,4.7,8.36,10.0,7.64,4.7,92.72,ACTIVE,,
7,42324350,8.8,5.68,25.0,7.54,,0.0,ACTIVE,,
0,43653365,5.9,10.65,17.0,5.3,16.5,42.02,ACTIVE,,
1,47017083,1.6,5.08,1.98,10.01,,0.0,ACTIVE,,
2,40762513,16.0,11.46,65.0,5.14,,0.0,ACTIVE,,
3,38214962,16.5,5.13,60.0,5.16,,0.0,ACTIVE,,
4,41286638,9.6,5.98,28.0,5.72,,0.0,ACTIVE,,
5,39787308,38.0,6.81,440.0,7.03,280.0,4.66,ACTIVE,,
6,40733455,4.7,8.36,10.0,7.64,4.7,92.72,ACTIVE,,
7,42324350,8.8,5.68,25.0,7.54,,0.0,ACTIVE,,
0,43653365,6.0,7.91,17.0,5.3,16.5,42.02,ACTIVE,,
1,47017083,1.6,5.08,1.98,10.01,,0.0,ACTIVE,,
2,40762513,16.0,11.46,65.0,5.14,,0.0,ACTIVE,,
3,38214962,16.5,5.13,60.0,5.16,,0.0,ACTIVE,,
4,41286638,9.6,5.98,28.0,5.72,,0.0,ACTIVE,,
5,39787308,38.0,6.81,440.0,6.62,300.0,5.48,ACTIVE,,
6,40733455,4.7,8.36,9.6,7.09,4.7,92.72,ACTIVE,,
7,42324350,8.8,5.68,25.0,7.54,,0.0,ACTIVE,,
0,43653365,6.2,5.63,17.0,5.3,16.5,42.02,ACTIVE,,
1,47017083,1.6,5.08,1.98,10.01,,0.0,ACTIVE,,
2,40762513,16.0,11.46,65.0,5.14,,0.0,ACTIVE,,
3,38214962,16.5,5.13,60.0,5.16,,0.0,ACTIVE,,
4,41286638,9.6,5.98,28.0,5.72,,0.0,ACTIVE,,
5,39787308,38.0,6.81,440.0,6.62,300.0,5.48,ACTIVE,,
6,40733455,4.7,8.36,9.4,5.64,4.7,92.72,ACTIVE,,
7,42324350,8.8,5.68,25.0,7.54,,0.0,ACTIVE,,
0,43653365,5.9,15.42,19.0,14.26,16.5,42.02,ACTIVE,,
1,47017083,1.6,5.08,1.98,10.01,,0.0,ACTIVE,,
2,40762513,16.0,11.46,65.0,5.14,,0.0,ACTIVE,,
3,38214962,16.5,5.13,60.0,5.16,,0.0,ACTIVE,,
4,41286638,9.6,5.98,28.0,5.72,,0.0,ACTIVE,,
5,39787308,38.0,6.81,440.0,6.62,300.0,5.48,ACTIVE,,
6,40733455,4.7,8.36,9.2,7.64,4.7,92.72,ACTIVE,,
7,42324350,8.8,5.68,25.0,7.54,,0.0,ACTIVE,,
0,43653365,6.6,8.67,17.0,5.3,16.5,42.02,ACTIVE,,
1,47017083,1.63,27.64,1.98,10.01,,0.0,ACTIVE,,
2,40762513,18.0,7.28,65.0,5.14,,0.0,ACTIVE,,
3,38214962,16.5,5.13,60.0,8.64,,0.0,ACTIVE,,
4,41286638,9.6,9.46,28.0,9.2,,0.0,ACTIVE,,
5,39787308,40.0,5.29,440.0,6.62,300.0,5.48,ACTIVE,,
6,40733455,4.7,8.36,9.2,7.64,4.7,92.72,ACTIVE,,
7,42324350,9.2,5.98,25.0,7.54,,0.0,ACTIVE,,
0,43653365,7.0,8.57,17.0,5.3,16.5,42.02,ACTIVE,,
1,47017083,1.63,27.64,1.98,10.01,,0.0,ACTIVE,,
2,40762513,18.0,7.28,65.0,5.14,,0.0,ACTIVE,,
3,38214962,16.5,5.13,60.0,8.64,,0.0,ACTIVE,,
4,41286638,9.6,9.46,28.0,9.2,,0.0,ACTIVE,,
5,39787308,40.0,5.29,440.0,6.62,300.0,5.48,ACTIVE,,
6,40733455,4.7,8.36,9.2,7.64,4.7,92.72,ACTIVE,,
7,42324350,8.4,19.68,25.0,7.54,,0.0,ACTIVE,,
0,43653365,7.2,7.33,17.0,5.3,16.5,42.02,ACTIVE,,
1,47017083,1.63,27.64,1.98,10.01,,0.0,ACTIVE,,
2,40762513,18.0,7.28,65.0,5.14,,0.0,ACTIVE,,
3,38214962,16.5,5.13,60.0,8.64,,0.0,ACTIVE,,
4,41286638,9.6,9.46,28.0,9.2,,0.0,ACTIVE,,
5,39787308,40.0,5.29,440.0,6.62,300.0,5.48,ACTIVE,,
6,40733455,4.7,8.36,9.2,7.64,4.7,92.72,ACTIVE,,
7,42324350,8.6,6.07,25.0,7.54,,0.0,ACTIVE,,
0,43653365,7.0,12.95,17.0,5.3,16.5,42.02,ACTIVE,,
1,47017083,1.63,27.64,1.98,10.01,,0.0,ACTIVE,,
2,40762513,18.0,7.28,65.0,5.14,,0.0,ACTIVE,,
3,38214962,16.5,5.13,60.0,8.64,,0.0,ACTIVE,,
4,41286638,9.6,9.46,28.0,9.2,,0.0,ACTIVE,,
5,39787308,40.0,5.29,440.0,6.62,300.0,5.48,ACTIVE,,
6,40733455,4.7,8.36,9.0,8.31,4.7,92.72,ACTIVE,,
7,42324350,8.6,6.07,25.0,7.54,,0.0,ACTIVE,,
0,43653365,7.0,13.35,17.0,5.3,16.5,42.02,ACTIVE,,
1,47017083,1.63,27.64,1.98,10.01,,0.0,ACTIVE,,
2,40762513,18.0,7.28,65.0,5.14,,0.0,ACTIVE,,
3,38214962,16.5,5.13,60.0,8.64,,0.0,ACTIVE,,
4,41286638,9.6,9.46,28.0,9.2,,0.0,ACTIVE,,
5,39787308,40.0,5.29,440.0,6.62,300.0,5.48,ACTIVE,,
6,40733455,4.6,29.79,9.0,8.31,4.7,109.44,ACTIVE,,
7,42324350,9.0,7.86,25.0,7.54,,0.0,ACTIVE,,
0,43653365,7.4,5.36,17.0,5.3,16.5,42.02,ACTIVE,,
1,47017083,1.63,27.64,1.98,21.51,,0.0,ACTIVE,,
2,40762513,18.0,7.28,65.0,5.14,,0.0,ACTIVE,,
3,38214962,16.5,5.13,60.0,8.64,,0.0,ACTIVE,,
4,41286638,9.6,9.46,27.0,7.18,,0.0,ACTIVE,,
5,39787308,40.0,5.29,440.0,6.62,300.0,5.48,ACTIVE,,
6,40733455,4.6,29.79,8.4,7.64,4.7,109.44,ACTIVE,,
7,42324350,9.0,7.86,25.0,7.54,,0.0,ACTIVE,,
0,43653365,7.6,8.86,19.0,14.26,16.5,42.02,ACTIVE,,
1,47017083,1.64,5.07,1.98,21.51,,0.0,ACTIVE,,
2,40762513,18.0,7.28,65.0,5.14,,0.0,ACTIVE,,
3,38214962,16.5,5.13,60.0,8.64,,0.0,ACTIVE,,
4,41286638,9.6,9.46,27.0,7.18,,0.0,ACTIVE,,
5,39787308,40.0,5.29,440.0,6.62,300.0,5.48,ACTIVE,,
6,40733455,4.6,15.21,8.4,7.64,4.6,138.64,ACTIVE,,
7,42324350,9.0,8.17,25.0,7.54,,0.0,ACTIVE,,
0,43653365,7.6,8.86,19.0,14.26,16.5,42.02,ACTIVE,,
1,47017083,1.64,5.07,1.98,21.51,,0.0,ACTIVE,,
2,40762513,18.0,7.28,65.0,5.14,,0.0,ACTIVE,,
3,38214962,16.5,5.13,60.0,8.64,,0.0,ACTIVE,,
4,41286638,9.6,9.46,27.0,7.18,,0.0,ACTIVE,,
5,39787308,40.0,5.29,440.0,6.62,300.0,5.48,ACTIVE,,
6,40733455,4.6,15.21,8.2,5.04,4.6,138.64,ACTIVE,,
7,42324350,9.0,8.17,25.0,7.54,,0.0,ACTIVE,,
0,43653365,5.4,6.6,19.0,14.26,16.5,42.02,ACTIVE,,
1,47017083,1.64,5.07,1.98,21.51,,0.0,ACTIVE,,
2,40762513,18.0,7.28,65.0,5.14,,0.0,ACTIVE,,
3,38214962,16.5,5.13,60.0,8.64,,0.0,ACTIVE,,
4,41286638,9.6,9.46,27.0,7.18,,0.0,ACTIVE,,
5,39787308,40.0,5.29,440.0,6.62,300.0,5.48,ACTIVE,,
6,40733455,4.6,29.81,8.2,5.04,4.6,138.64,ACTIVE,,
7,42324350,9.4,5.07,25.0,7.54,,0.0,ACTIVE,,
0,43653365,5.5,7.55,17.0,5.3,16.5,42.02,ACTIVE,,
1,47017083,1.64,5.07,1.98,21.51,,0.0,ACTIVE,,
2,40762513,18.0,7.28,65.0,5.14,,0.0,ACTIVE,,
3,38214962,16.5,5.13,60.0,8.64,,0.0,ACTIVE,,
4,41286638,9.6,9.46,27.0,7.18,,0.0,ACTIVE,,
5,39787308,40.0,5.29,440.0,6.62,300.0,5.48,ACTIVE,,
6,40733455,4.6,29.81,8.2,5.04,4.6,138.64,ACTIVE,,
7,42324350,8.8,9.16,25.0,7.54,,0.0,ACTIVE,,
0,43653365,5.7,5.16,17.0,5.3,16.5,42.02,ACTIVE,,
1,47017083,1.64,5.07,1.98,21.51,,0.0,ACTIVE,,
2,40762513,18.0,7.28,65.0,5.14,,0.0,ACTIVE,,
3,38214962,16.5,5.13,60.0,8.64,,0.0,ACTIVE,,
4,41286638,9.6,9.46,27.0,7.18,,0.0,ACTIVE,,
5,39787308,40.0,5.29,440.0,6.62,300.0,5.48,ACTIVE,,
6,40733455,4.6,29.81,8.2,5.04,4.6,138.64,ACTIVE,,
7,42324350,9.0,8.17,25.0,7.54,,0.0,ACTIVE,,
0,43653365,5.7,8.96,17.0,5.3,16.5,42.02,ACTIVE,,
1,47017083,1.64,5.07,1.98,21.51,,0.0,ACTIVE,,
2,40762513,18.0,7.28,65.0,5.14,,0.0,ACTIVE,,
3,38214962,16.5,5.13,60.0,8.64,,0.0,ACTIVE,,
4,41286638,9.6,9.46,27.0,7.18,,0.0,ACTIVE,,
5,39787308,40.0,5.29,440.0,6.62,300.0,5.48,ACTIVE,,
6,40733455,4.6,29.81,8.0,11.64,4.6,138.64,ACTIVE,,
7,42324350,9.0,8.17,25.0,7.54,,0.0,ACTIVE,,
0,43653365,5.9,11.81,17.0,5.3,16.5,42.02,ACTIVE,,
1,47017083,1.64,5.07,1.98,21.51,,0.0,ACTIVE,,
2,40762513,18.0,7.28,65.0,5.14,,0.0,ACTIVE,,
3,38214962,16.5,5.13,60.0,8.64,,0.0,ACTIVE,,
4,41286638,9.6,9.46,27.0,7.18,,0.0,ACTIVE,,
5,39787308,40.0,5.29,440.0,6.62,300.0,5.48,ACTIVE,,
6,40733455,4.6,29.81,8.0,11.64,4.6,138.64,ACTIVE,,
7,42324350,9.0,8.17,25.0,7.54,,0.0,ACTIVE,,
0,43653365,6.2,5.36,17.0,5.3,16.5,42.02,ACTIVE,,
1,47017083,1.64,5.07,1.98,21.51,,0.0,ACTIVE,,
2,40762513,18.0,7.28,65.0,5.86,,0.0,ACTIVE,,
3,38214962,16.5,5.13,60.0,9.35,,0.0,ACTIVE,,
4,41286638,9.6,9.46,27.0,7.18,,0.0,ACTIVE,,
5,39787308,40.0,5.29,440.0,7.34,300.0,5.48,ACTIVE,,
6,40733455,4.6,29.81,8.0,14.95,4.6,138.64,ACTIVE,,
7,42324350,9.0,8.17,25.0,7.54,,0.0,ACTIVE,,
0,43653365,6.2,5.36,17.0,5.3,16.5,42.02,ACTIVE,,
1,47017083,1.64,5.07,1.98,21.51,,0.0,ACTIVE,,
2,40762513,18.0,7.28,65.0,5.86,,0.0,ACTIVE,,
3,38214962,16.5,5.13,60.0,9.35,,0.0,ACTIVE,,
4,41286638,9.6,9.46,27.0,7.18,,0.0,ACTIVE,,
5,39787308,40.0,5.29,440.0,7.34,300.0,5.48,ACTIVE,,
6,40733455,4.6,29.81,8.0,14.95,4.6,138.64,ACTIVE,,
7,42324350,9.0,8.17,25.0,7.54,,0.0,ACTIVE,,
0,43653365,6.4,5.41,19.0,14.26,16.5,42.02,ACTIVE,,
1,47017083,1.64,5.07,1.98,21.51,,0.0,ACTIVE,,
2,40762513,18.0,7.28,65.0,5.86,,0.0,ACTIVE,,
3,38214962,16.5,5.13,60.0,9.35,,0.0,ACTIVE,,
4,41286638,9.6,9.46,27.0,7.18,,0.0,ACTIVE,,
5,39787308,40.0,5.29,440.0,7.34,300.0,5.48,ACTIVE,,
6,40733455,4.6,29.81,8.0,14.95,4.6,138.64,ACTIVE,,
7,42324350,8.6,6.08,25.0,7.54,,0.0,ACTIVE,,
0,43653365,6.6,6.02,19.0,14.26,16.5,42.02,ACTIVE,,
1,47017083,1.64,5.07,1.98,21.51,,0.0,ACTIVE,,
2,40762513,18.0,7.28,65.0,5.86,,0.0,ACTIVE,,
3,38214962,16.5,5.13,60.0,9.35,,0.0,ACTIVE,,
4,41286638,9.6,9.46,27.0,7.18,,0.0,ACTIVE,,
5,39787308,40.0,5.29,440.0,7.34,300.0,5.48,ACTIVE,,
6,40733455,4.6,29.81,8.0,14.95,4.6,138.64,ACTIVE,,
7,42324350,9.0,8.17,25.0,7.54,,0.0,ACTIVE,,
0,43653365,6.8,9.21,19.0,14.26,16.5,42.02,ACTIVE,,
1,47017083,1.64,5.07,1.98,21.51,,0.0,ACTIVE,,
2,40762513,16.5,11.91,65.0,5.86,,0.0,ACTIVE,,
3,38214962,15.5,9.64,60.0,5.87,,0.0,ACTIVE,,
4,41286638,9.6,6.85,27.0,7.18,,0.0,ACTIVE,,
5,39787308,38.0,6.83,440.0,7.34,300.0,5.48,ACTIVE,,
6,40733455,4.6,29.81,8.6,7.85,4.6,138.64,ACTIVE,,
7,42324350,8.4,16.21,25.0,7.54,,0.0,ACTIVE,,
0,43653365,6.8,13.6,19.0,14.26,16.5,42.02,ACTIVE,,
1,47017083,1.64,5.07,1.98,21.51,,0.0,ACTIVE,,
2,40762513,16.5,11.91,65.0,5.86,,0.0,ACTIVE,,
3,38214962,16.0,5.63,60.0,5.87,,0.0,ACTIVE,,
4,41286638,9.6,6.85,28.0,5.72,,0.0,ACTIVE,,
5,39787308,38.0,6.83,440.0,7.34,300.0,5.47,ACTIVE,,
6,40733455,4.6,29.81,10.0,11.64,4.6,138.64,ACTIVE,,
7,42324350,8.6,5.68,25.0,7.54,,0.0,ACTIVE,,
0,43653365,6.8,13.6,19.0,14.26,16.5,42.02,ACTIVE,,
1,47017083,1.64,5.07,1.98,21.51,,0.0,ACTIVE,,
2,40762513,16.5,11.91,65.0,5.86,,0.0,ACTIVE,,
3,38214962,16.0,5.63,60.0,5.87,,0.0,ACTIVE,,
4,41286638,9.6,6.85,28.0,5.72,,0.0,ACTIVE,,
5,39787308,38.0,6.83,440.0,7.34,300.0,5.47,ACTIVE,,
6,40733455,4.6,29.81,10.0,14.97,4.6,138.64,ACTIVE,,
7,42324350,8.6,5.68,25.0,7.54,,0.0,ACTIVE,,
0,43653365,6.8,13.6,19.0,10.96,17.0,48.62,ACTIVE,,
1,47017083,1.64,5.07,1.98,21.51,,0.0,ACTIVE,,
2,40762513,16.5,11.91,65.0,5.86,,0.0,ACTIVE,,
3,38214962,16.0,5.63,60.0,5.87,,0.0,ACTIVE,,
4,41286638,9.6,6.85,28.0,5.72,,0.0,ACTIVE,,
5,39787308,38.0,6.83,440.0,6.97,340.0,6.21,ACTIVE,,
6,40733455,4.6,29.81,10.0,14.97,4.6,138.64,ACTIVE,,
7,42324350,8.6,5.68,25.0,7.54,,0.0,ACTIVE,,
0,43653365,7.0,5.36,19.0,10.96,17.0,48.62,ACTIVE,,
1,47017083,1.64,5.07,1.98,21.51,,0.0,ACTIVE,,
2,40762513,16.5,11.91,65.0,5.86,,0.0,ACTIVE,,
3,38214962,16.0,5.63,60.0,5.87,,0.0,ACTIVE,,
4,41286638,9.6,6.85,28.0,5.72,,0.0,ACTIVE,,
5,39787308,38.0,6.83,440.0,6.97,340.0,6.21,ACTIVE,,
6,40733455,4.6,29.81,10.0,14.97,4.6,138.64,ACTIVE,,
7,42324350,8.6,5.68,25.0,7.54,,0.0,ACTIVE,,
0,43653365,7.4,12.14,19.0,12.96,17.0,48.62,ACTIVE,,
1,47017083,1.64,5.07,1.98,21.51,,0.0,ACTIVE,,
2,40762513,16.5,11.91,65.0,5.86,,0.0,ACTIVE,,
3,38214962,16.0,5.63,60.0,5.87,,0.0,ACTIVE,,
4,41286638,9.6,6.85,28.0,5.72,,0.0,ACTIVE,,
5,39787308,38.0,6.55,440.0,6.97,340.0,6.21,ACTIVE,,
6,40733455,4.6,29.81,10.0,14.97,4.6,138.64,ACTIVE,,
7,42324350,8.6,6.97,25.0,7.54,,0.0,ACTIVE,,
0,43653365,7.6,8.42,19.0,12.96,17.0,48.62,ACTIVE,,
1,47017083,1.63,58.49,1.98,21.51,,0.0,ACTIVE,,
2,40762513,16.5,11.91,65.0,5.86,,0.0,ACTIVE,,
3,38214962,16.0,5.63,60.0,5.87,,0.0,ACTIVE,,
4,41286638,9.6,6.85,28.0,5.72,,0.0,ACTIVE,,
5,39787308,38.0,6.55,440.0,6.97,340.0,6.21,ACTIVE,,
6,40733455,4.6,29.79,9.6,7.09,4.6,138.64,ACTIVE,,
7,42324350,8.6,6.97,25.0,7.54,,0.0,ACTIVE,,
0,43653365,7.6,8.42,19.0,12.96,17.0,48.62,ACTIVE,,
1,47017083,1.63,58.49,1.98,21.51,,0.0,ACTIVE,,
2,40762513,16.5,11.91,65.0,5.86,,0.0,ACTIVE,,
3,38214962,16.0,5.63,60.0,5.87,,0.0,ACTIVE,,
4,41286638,9.6,6.85,28.0,5.72,,0.0,ACTIVE,,
5,39787308,38.0,6.55,440.0,6.97,340.0,6.21,ACTIVE,,
6,40733455,4.6,29.79,9.2,5.18,4.6,138.64,ACTIVE,,
7,42324350,8.6,6.97,25.0,7.54,,0.0,ACTIVE,,
0,43653365,7.6,8.42,19.0,12.96,17.0,48.62,ACTIVE,,
1,47017083,1.63,58.49,1.98,21.51,,0.0,ACTIVE,,
2,40762513,16.5,11.91,65.0,5.86,,0.0,ACTIVE,,
3,38214962,16.0,5.63,60.0,5.87,,0.0,ACTIVE,,
4,41286638,9.6,6.85,28.0,5.72,,0.0,ACTIVE,,
5,39787308,38.0,6.55,440.0,6.97,340.0,6.21,ACTIVE,,
6,40733455,4.6,29.79,9.0,7.64,4.6,138.64,ACTIVE,,
7,42324350,8.6,6.97,25.0,7.54,,0.0,ACTIVE,,
0,43653365,7.6,8.42,19.0,12.96,17.0,48.62,ACTIVE,,
1,47017083,1.63,58.49,1.98,21.51,,0.0,ACTIVE,,
2,40762513,16.5,11.91,65.0,5.86,,0.0,ACTIVE,,
3,38214962,16.0,5.63,60.0,5.87,,0.0,ACTIVE,,
4,41286638,9.6,6.85,28.0,5.72,,0.0,ACTIVE,,
5,39787308,38.0,6.55,440.0,6.97,340.0,6.21,ACTIVE,,
6,40733455,4.6,29.79,8.8,5.07,4.6,138.64,ACTIVE,,
7,42324350,8.6,6.97,25.0,7.54,,0.0,ACTIVE,,
0,43653365,8.0,11.88,19.0,12.96,17.0,48.62,ACTIVE,,
1,47017083,1.64,131.88,1.98,21.51,,0.0,ACTIVE,,
2,40762513,16.5,11.91,65.0,5.86,,0.0,ACTIVE,,
3,38214962,16.0,5.63,60.0,5.87,,0.0,ACTIVE,,
4,41286638,9.6,6.85,28.0,5.72,,0.0,ACTIVE,,
5,39787308,38.0,6.55,440.0,6.97,340.0,6.21,ACTIVE,,
6,40733455,4.6,29.79,8.8,11.89,4.6,138.64,ACTIVE,,
7,42324350,8.6,6.97,25.0,7.54,,0.0,ACTIVE,,
0,43653365,8.0,11.88,19.0,10.96,17.0,48.62,ACTIVE,,
1,47017083,1.64,131.88,1.98,21.51,,0.0,ACTIVE,,
2,40762513,16.5,11.91,65.0,5.86,,0.0,ACTIVE,,
3,38214962,16.0,5.63,60.0,5.87,,0.0,ACTIVE,,
4,41286638,9.6,6.85,28.0,5.72,,0.0,ACTIVE,,
5,39787308,38.0,6.55,440.0,6.97,340.0,6.21,ACTIVE,,
6,40733455,4.6,29.79,8.8,11.89,4.6,138.64,ACTIVE,,
7,42324350,8.6,6.97,25.0,7.54,,0.0,ACTIVE,,
0,43653365,8.0,11.88,19.0,10.96,17.0,48.62,ACTIVE,,
1,47017083,1.63,35.81,1.98,21.51,,0.0,ACTIVE,,
2,40762513,16.5,11.91,65.0,5.86,,0.0,ACTIVE,,
3,38214962,16.0,5.63,60.0,5.87,,0.0,ACTIVE,,
4,41286638,9.6,6.85,28.0,5.72,,0.0,ACTIVE,,
5,39787308,38.0,6.55,440.0,6.97,340.0,6.21,ACTIVE,,
6,40733455,4.6,29.79,8.8,11.89,4.6,138.64,ACTIVE,,
7,42324350,8.6,6.97,25.0,7.54,,0.0,ACTIVE,,
0,43653365,8.4,8.08,19.0,10.96,17.0,48.62,ACTIVE,,
1,47017083,1.63,35.81,1.98,21.51,,0.0,ACTIVE,,
2,40762513,16.5,11.91,65.0,5.86,,0.0,ACTIVE,,
3,38214962,16.0,5.63,60.0,5.87,,0.0,ACTIVE,,
4,41286638,9.6,6.85,28.0,5.72,,0.0,ACTIVE,,
5,39787308,38.0,6.55,440.0,6.97,340.0,6.21,ACTIVE,,
6,40733455,4.6,29.79,8.8,11.89,4.6,138.64,ACTIVE,,
7,42324350,8.6,6.97,25.0,7.54,,0.0,ACTIVE,,
0,43653365,8.4,8.08,19.0,10.96,17.0,48.62,ACTIVE,,
1,47017083,1.63,35.81,1.98,21.51,,0.0,ACTIVE,,
2,40762513,16.5,11.91,65.0,5.86,,0.0,ACTIVE,,
3,38214962,16.0,5.63,60.0,5.87,,0.0,ACTIVE,,
4,41286638,9.6,6.85,28.0,5.72,,0.0,ACTIVE,,
5,39787308,38.0,6.55,440.0,6.97,340.0,6.21,ACTIVE,,
6,40733455,4.6,29.79,8.2,7.64,4.6,138.64,ACTIVE,,
7,42324350,8.6,6.97,25.0,7.54,,0.0,ACTIVE,,
0,43653365,8.4,8.08,19.0,10.96,17.0,48.62,ACTIVE,,
1,47017083,1.63,35.81,1.98,21.51,,0.0,ACTIVE,,
2,40762513,16.5,11.91,65.0,5.86,,0.0,ACTIVE,,
3,38214962,16.0,5.63,60.0,5.87,,0.0,ACTIVE,,
4,41286638,9.6,6.85,28.0,5.72,,0.0,ACTIVE,,
5,39787308,38.0,6.55,440.0,6.97,340.0,6.21,ACTIVE,,
6,40733455,4.6,29.79,8.2,10.98,4.6,138.64,ACTIVE,,
7,42324350,8.6,6.97,25.0,7.54,,0.0,ACTIVE,,
0,43653365,5.5,7.57,19.0,10.96,17.0,48.62,ACTIVE,,
1,47017083,1.63,35.81,1.98,21.51,,0.0,ACTIVE,,
2,40762513,16.5,11.91,65.0,5.86,,0.0,ACTIVE,,
3,38214962,16.0,5.63,60.0,5.87,,0.0,ACTIVE,,
4,41286638,9.6,6.85,28.0,5.72,,0.0,ACTIVE,,
5,39787308,38.0,6.55,440.0,6.97,340.0,6.21,ACTIVE,,
6,40733455,4.6,29.79,8.2,10.98,4.6,138.64,ACTIVE,,
7,42324350,8.6,6.97,25.0,7.54,,0.0,ACTIVE,,
0,43653365,5.7,7.57,19.0,12.96,17.0,48.62,ACTIVE,,
1,47017083,1.63,35.81,1.98,21.51,,0.0,ACTIVE,,
2,40762513,16.5,11.91,65.0,5.86,,0.0,ACTIVE,,
3,38214962,16.0,5.63,60.0,5.87,,0.0,ACTIVE,,
4,41286638,9.6,6.85,28.0,5.72,,0.0,ACTIVE,,
5,39787308,38.0,6.55,440.0,6.97,340.0,6.21,ACTIVE,,
6,40733455,4.6,29.79,8.2,10.98,4.6,138.64,ACTIVE,,
7,42324350,8.6,6.97,25.0,7.54,,0.0,ACTIVE,,
0,43653365,5.7,7.57,19.0,12.96,17.0,48.62,ACTIVE,,
1,47017083,1.63,58.49,1.98,21.51,,0.0,ACTIVE,,
2,40762513,16.5,11.91,65.0,5.86,,0.0,ACTIVE,,
3,38214962,16.0,5.63,60.0,5.87,,0.0,ACTIVE,,
4,41286638,9.6,6.85,28.0,5.72,,0.0,ACTIVE,,
5,39787308,38.0,6.55,440.0,6.97,340.0,6.21,ACTIVE,,
6,40733455,4.6,29.79,8.2,10.98,4.6,138.64,ACTIVE,,
7,42324350,8.6,6.97,25.0,7.54,,0.0,ACTIVE,,
0,43653365,5.7,6.99,19.0,12.96,17.0,48.62,ACTIVE,,
1,47017083,1.63,58.49,1.98,21.51,,0.0,ACTIVE,,
2,40762513,16.5,11.91,65.0,5.86,,0.0,ACTIVE,,
3,38214962,16.0,5.63,60.0,5.87,,0.0,ACTIVE,,
4,41286638,9.6,6.85,28.0,5.72,,0.0,ACTIVE,,
5,39787308,38.0,6.55,440.0,6.97,340.0,6.21,ACTIVE,,
6,40733455,4.6,29.79,8.2,10.98,4.6,138.64,ACTIVE,,
7,42324350,8.6,6.97,25.0,7.54,,0.0,ACTIVE,,
0,43653365,5.9,15.06,19.0,12.96,17.0,48.62,ACTIVE,,
1,47017083,1.63,58.49,1.98,21.51,,0.0,ACTIVE,,
2,40762513,16.5,11.91,65.0,5.86,,0.0,ACTIVE,,
3,38214962,16.0,5.63,60.0,5.87,,0.0,ACTIVE,,
4,41286638,9.6,6.85,28.0,5.72,,0.0,ACTIVE,,
5,39787308,38.0,6.55,440.0,6.97,340.0,6.21,ACTIVE,,
6,40733455,4.6,29.79,8.6,11.35,4.6,138.64,ACTIVE,,
7,42324350,8.6,6.97,25.0,7.54,,0.0,ACTIVE,,
0,43653365,6.2,5.36,19.0,12.96,17.0,48.62,ACTIVE,,
1,47017083,1.63,58.49,1.98,21.51,,0.0,ACTIVE,,
2,40762513,16.5,11.91,65.0,5.86,,0.0,ACTIVE,,
3,38214962,16.0,5.63,60.0,5.87,,0.0,ACTIVE,,
4,41286638,9.6,6.85,28.0,5.72,,0.0,ACTIVE,,
5,39787308,38.0,6.55,440.0,6.97,340.0,6.21,ACTIVE,,
6,40733455,4.6,29.79,10.0,6.0,4.6,138.64,ACTIVE,,
7,42324350,8.6,6.97,25.0,7.54,,0.0,ACTIVE,,
0,43653365,6.2,5.36,19.0,10.96,17.0,48.62,ACTIVE,,
1,47017083,1.64,131.88,1.98,21.51,,0.0,ACTIVE,,
2,40762513,18.0,7.73,65.0,5.86,,0.0,ACTIVE,,
3,38214962,16.5,5.46,60.0,9.35,,0.0,ACTIVE,,
4,41286638,9.6,10.33,28.0,9.2,,0.0,ACTIVE,,
5,39787308,40.0,5.03,440.0,6.97,340.0,6.21,ACTIVE,,
6,40733455,4.6,29.79,10.0,10.88,4.6,138.64,ACTIVE,,
7,42324350,8.8,6.07,25.0,7.54,,0.0,ACTIVE,,
0,43653365,6.2,5.41,19.0,12.96,17.0,48.62,ACTIVE,,
1,47017083,1.64,141.88,1.98,21.51,,0.0,ACTIVE,,
2,40762513,18.0,7.73,65.0,5.86,,0.0,ACTIVE,,
3,38214962,17.0,5.63,60.0,9.35,,0.0,ACTIVE,,
4,41286638,9.6,10.33,28.0,9.2,,0.0,ACTIVE,,
5,39787308,40.0,5.03,440.0,6.97,340.0,6.21,ACTIVE,,
6,40733455,4.6,29.79,10.0,10.88,4.6,138.64,ACTIVE,,
7,42324350,9.2,5.07,25.0,7.54,,0.0,ACTIVE,,
0,43653365,6.6,16.08,19.0,12.96,17.0,48.62,ACTIVE,,
1,47017083,1.64,14.95,1.98,21.51,,0.0,ACTIVE,,
2,40762513,18.0,7.73,65.0,5.86,,0.0,ACTIVE,,
3,38214962,17.0,5.63,60.0,9.35,,0.0,ACTIVE,,
4,41286638,9.6,10.33,28.0,9.2,,0.0,ACTIVE,,
5,39787308,40.0,5.03,440.0,6.97,340.0,6.21,ACTIVE,,
6,40733455,4.6,29.79,10.0,10.88,4.6,138.64,ACTIVE,,
7,42324350,8.6,6.07,25.0,7.54,,0.0,ACTIVE,,
0,43653365,6.8,8.69,19.0,12.96,17.0,48.62,ACTIVE,,
1,47017083,1.64,14.95,1.98,21.51,,0.0,ACTIVE,,
2,40762513,18.0,7.73,65.0,5.86,,0.0,ACTIVE,,
3,38214962,17.0,5.63,60.0,9.35,,0.0,ACTIVE,,
4,41286638,9.6,10.33,28.0,9.2,,0.0,ACTIVE,,
5,39787308,40.0,5.03,440.0,6.97,340.0,6.21,ACTIVE,,
6,40733455,4.6,29.79,10.0,10.88,4.6,138.64,ACTIVE,,
7,42324350,9.0,5.07,25.0,7.54,,0.0,ACTIVE,,
0,43653365,6.8,5.75,19.0,12.96,17.0,48.62,ACTIVE,,
1,47017083,1.64,14.95,1.98,21.51,,0.0,ACTIVE,,
2,40762513,18.0,7.73,65.0,5.86,,0.0,ACTIVE,,
3,38214962,17.0,5.63,60.0,9.35,,0.0,ACTIVE,,
4,41286638,9.6,10.33,28.0,9.2,,0.0,ACTIVE,,
5,39787308,40.0,5.03,440.0,6.97,340.0,6.21,ACTIVE,,
6,40733455,4.6,29.79,9.6,7.09,4.6,138.64,ACTIVE,,
7,42324350,9.0,8.17,25.0,7.54,,0.0,ACTIVE,,
0,43653365,6.8,5.75,19.0,12.96,17.0,48.62,ACTIVE,,
1,47017083,1.64,14.95,1.98,21.51,,0.0,ACTIVE,,
2,40762513,18.0,7.73,65.0,5.86,,0.0,ACTIVE,,
3,38214962,17.0,5.63,60.0,9.35,,0.0,ACTIVE,,
4,41286638,9.6,10.33,27.0,7.18,,0.0,ACTIVE,,
5,39787308,40.0,5.03,440.0,6.97,340.0,6.21,ACTIVE,,
6,40733455,4.6,29.79,9.6,7.09,4.6,138.64,ACTIVE,,
7,42324350,9.0,8.17,25.0,7.54,,0.0,ACTIVE,,
0,43653365,6.8,5.75,19.0,12.96,17.0,48.62,ACTIVE,,
1,47017083,1.64,14.95,1.98,21.51,,0.0,ACTIVE,,
2,40762513,18.0,7.73,65.0,5.86,,0.0,ACTIVE,,
3,38214962,17.0,5.63,60.0,9.35,,0.0,ACTIVE,,
4,41286638,9.6,10.33,27.0,7.18,,0.0,ACTIVE,,
5,39787308,40.0,5.03,440.0,6.97,340.0,6.21,ACTIVE,,
6,40733455,4.6,29.79,9.0,5.64,4.6,138.64,ACTIVE,,
7,42324350,9.0,8.17,25.0,7.54,,0.0,ACTIVE,,
0,43653365,7.2,9.7,19.0,10.96,17.0,48.62,ACTIVE,,
1,47017083,1.64,14.95,1.98,21.51,,0.0,ACTIVE,,
2,40762513,18.0,7.73,65.0,5.86,,0.0,ACTIVE,,
3,38214962,17.0,5.63,60.0,9.35,,0.0,ACTIVE,,
4,41286638,9.6,10.33,27.0,7.18,,0.0,ACTIVE,,
5,39787308,40.0,5.03,440.0,6.97,340.0,6.21,ACTIVE,,
6,40733455,4.6,29.79,9.0,8.95,4.6,138.64,ACTIVE,,
7,42324350,9.0,8.17,25.0,7.54,,0.0,ACTIVE,,
0,43653365,7.6,5.36,19.0,12.96,17.0,48.62,ACTIVE,,
1,47017083,1.64,14.95,1.98,21.51,,0.0,ACTIVE,,
2,40762513,18.0,7.73,65.0,5.86,,0.0,ACTIVE,,
3,38214962,18.0,8.45,60.0,9.35,,0.0,ACTIVE,,
4,41286638,9.6,10.33,27.0,7.18,,0.0,ACTIVE,,
5,39787308,40.0,5.03,440.0,6.97,340.0,6.21,ACTIVE,,
6,40733455,4.6,29.79,8.6,8.62,4.6,138.64,ACTIVE,,
7,42324350,9.0,8.17,25.0,7.54,,0.0,ACTIVE,,
0,43653365,7.6,5.36,19.0,12.96,17.0,48.62,ACTIVE,,
1,47017083,1.64,14.95,1.98,21.51,,0.0,ACTIVE,,
2,40762513,18.0,7.73,65.0,5.86,,0.0,ACTIVE,,
3,38214962,18.0,8.45,60.0,9.35,,0.0,ACTIVE,,
4,41286638,9.6,10.33,27.0,7.18,,0.0,ACTIVE,,
5,39787308,40.0,5.03,440.0,6.97,340.0,6.21,ACTIVE,,
6,40733455,4.6,29.79,8.6,8.62,4.6,138.64,ACTIVE,,
7,42324350,9.2,9.46,25.0,7.54,,0.0,ACTIVE,,
0,43653365,7.6,5.36,19.0,12.96,17.0,48.62,ACTIVE,,
1,47017083,1.64,14.95,1.98,21.51,,0.0,ACTIVE,,
2,40762513,18.0,7.73,65.0,5.86,,0.0,ACTIVE,,
3,38214962,18.0,8.45,60.0,9.35,,0.0,ACTIVE,,
4,41286638,9.6,10.33,27.0,7.18,,0.0,ACTIVE,,
5,39787308,40.0,5.03,440.0,6.97,340.0,6.21,ACTIVE,,
6,40733455,4.6,29.79,8.6,11.93,4.6,138.64,ACTIVE,,
7,42324350,8.4,19.68,25.0,7.54,,0.0,ACTIVE,,
0,43653365,7.6,5.36,19.0,12.96,17.0,48.62,ACTIVE,,
1,47017083,1.67,5.22,1.98,21.51,,0.0,ACTIVE,,
2,40762513,18.0,7.73,65.0,5.86,,0.0,ACTIVE,,
3,38214962,18.0,8.45,60.0,9.35,,0.0,ACTIVE,,
4,41286638,9.6,10.33,27.0,7.18,,0.0,ACTIVE,,
5,39787308,40.0,5.03,440.0,6.97,340.0,6.21,ACTIVE,,
6,40733455,4.6,29.79,8.6,11.93,4.6,138.64,ACTIVE,,
7,42324350,8.6,6.07,25.0,7.54,,0.0,ACTIVE,,
0,43653365,7.6,5.36,19.0,12.96,17.0,48.62,ACTIVE,,
1,47017083,1.67,5.22,1.98,21.51,,0.0,ACTIVE,,
2,40762513,18.0,7.73,65.0,5.86,,0.0,ACTIVE,,
3,38214962,18.0,8.45,60.0,9.35,,0.0,ACTIVE,,
4,41286638,9.6,10.33,27.0,7.18,,0.0,ACTIVE,,
5,39787308,40.0,5.03,440.0,6.97,340.0,6.21,ACTIVE,,
6,40733455,4.6,29.79,8.2,7.64,4.6,138.64,ACTIVE,,
7,42324350,8.8,5.98,25.0,7.54,,0.0,ACTIVE,,
0,43653365,7.6,5.36,19.0,12.96,17.0,48.62,ACTIVE,,
1,47017083,1.67,5.22,1.98,21.51,,0.0,ACTIVE,,
2,40762513,18.0,7.73,65.0,5.86,,0.0,ACTIVE,,
3,38214962,18.0,8.45,60.0,9.35,,0.0,ACTIVE,,
4,41286638,10.0,5.68,27.0,7.18,,0.0,ACTIVE,,
5,39787308,40.0,5.03,440.0,6.97,340.0,6.21,ACTIVE,,
6,40733455,4.6,29.79,8.0,8.95,4.6,138.64,ACTIVE,,
7,42324350,8.6,6.07,25.0,7.54,,0.0,ACTIVE,,
0,43653365,7.8,7.69,19.0,10.96,17.0,48.62,ACTIVE,,
1,47017083,1.67,5.22,1.98,21.51,,0.0,ACTIVE,,
2,40762513,16.5,11.91,65.0,5.86,,0.0,ACTIVE,,
3,38214962,17.5,5.47,60.0,5.87,,0.0,ACTIVE,,
4,41286638,9.8,5.94,27.0,7.18,,0.0,ACTIVE,,
5,39787308,38.0,6.55,440.0,6.97,340.0,6.21,ACTIVE,,
6,40733455,4.6,33.27,8.0,8.95,4.6,138.64,ACTIVE,,
7,42324350,8.4,17.48,25.0,7.54,,0.0,ACTIVE,,
0,43653365,7.8,7.69,19.0,10.96,17.0,48.62,ACTIVE,,
1,47017083,1.67,5.22,1.98,21.51,,0.0,ACTIVE,,
2,40762513,16.5,11.91,65.0,5.86,,0.0,ACTIVE,,
3,38214962,16.0,11.98,60.0,5.87,,0.0,ACTIVE,,
4,41286638,9.8,5.55,27.0,7.78,,0.0,ACTIVE,,
5,39787308,38.0,6.55,440.0,6.97,340.0,6.21,ACTIVE,,
6,40733455,4.6,33.27,8.0,8.95,4.6,138.64,ACTIVE,,
7,42324350,8.6,6.07,25.0,7.54,,0.0,ACTIVE,,
0,43653365,5.5,5.72,19.0,12.96,17.0,48.62,ACTIVE,,
1,47017083,1.67,5.22,1.98,21.51,,0.0,ACTIVE,,
2,40762513,16.5,11.91,65.0,5.86,,0.0,ACTIVE,,
3,38214962,16.0,11.98,60.0,5.87,,0.0,ACTIVE,,
4,41286638,9.8,5.55,27.0,7.78,,0.0,ACTIVE,,
5,39787308,38.0,6.55,440.0,6.97,340.0,6.21,ACTIVE,,
6,40733455,4.6,33.27,8.0,8.95,4.6,138.64,ACTIVE,,
7,42324350,8.6,6.07,25.0,7.54,,0.0,ACTIVE,,
0,43653365,5.7,6.02,19.0,12.96,17.0,48.62,ACTIVE,,
1,47017083,1.67,5.22,1.98,21.51,,0.0,ACTIVE,,
2,40762513,16.5,11.91,65.0,5.86,,0.0,ACTIVE,,
3,38214962,16.0,11.98,60.0,5.87,,0.0,ACTIVE,,
4,41286638,9.8,5.55,27.0,7.78,,0.0,ACTIVE,,
5,39787308,38.0,6.55,440.0,6.97,340.0,6.21,ACTIVE,,
6,40733455,4.6,33.27,8.0,8.95,4.6,138.64,ACTIVE,,
7,42324350,8.6,6.07,25.0,7.54,,0.0,ACTIVE,,
0,43653365,5.7,6.02,19.0,12.96,17.0,48.62,ACTIVE,,
1,47017083,1.67,5.22,1.98,21.51,,0.0,ACTIVE,,
2,40762513,16.5,11.91,65.0,5.86,,0.0,ACTIVE,,
3,38214962,16.0,11.98,60.0,5.87,,0.0,ACTIVE,,
4,41286638,9.8,5.55,27.0,7.78,,0.0,ACTIVE,,
5,39787308,38.0,6.55,440.0,6.97,340.0,6.21,ACTIVE,,
6,40733455,4.6,33.27,8.0,8.95,4.6,138.64,ACTIVE,,
7,42324350,8.6,6.07,25.0,7.54,,0.0,ACTIVE,,
0,43653365,5.7,6.02,19.0,12.96,17.0,48.62,ACTIVE,,
1,47017083,1.67,5.22,1.98,21.51,,0.0,ACTIVE,,
2,40762513,16.5,11.91,65.0,5.86,,0.0,ACTIVE,,
3,38214962,16.0,11.98,60.0,5.87,,0.0,ACTIVE,,
4,41286638,9.8,5.55,28.0,6.32,,0.0,ACTIVE,,
5,39787308,38.0,6.55,440.0,6.97,340.0,6.21,ACTIVE,,
6,40733455,4.6,30.94,8.6,8.16,4.7,143.31,ACTIVE,,
7,42324350,8.6,6.07,25.0,7.54,,0.0,ACTIVE,,
0,43653365,5.7,6.02,19.0,12.96,17.0,48.62,ACTIVE,,
1,47017083,1.67,5.22,1.98,21.51,,0.0,ACTIVE,,
2,40762513,16.5,12.64,65.0,5.43,,0.0,ACTIVE,,
3,38214962,17.0,5.08,60.0,5.87,,0.0,ACTIVE,,
4,41286638,10.0,5.74,28.0,6.32,,0.0,ACTIVE,,
5,39787308,38.0,6.55,440.0,6.97,340.0,6.21,ACTIVE,,
6,40733455,4.6,30.94,10.5,9.04,4.7,143.31,ACTIVE,,
7,42324350,9.2,5.27,25.0,7.54,,0.0,ACTIVE,,
0,43653365,5.9,8.69,19.0,12.96,17.0,48.62,ACTIVE,,
1,47017083,1.67,5.22,1.98,21.51,,0.0,ACTIVE,,
2,40762513,16.5,12.64,65.0,5.43,,0.0,ACTIVE,,
3,38214962,17.0,5.08,60.0,5.87,,0.0,ACTIVE,,
4,41286638,10.0,5.74,28.0,6.32,,0.0,ACTIVE,,
5,39787308,38.0,6.55,440.0,5.0,340.0,6.21,ACTIVE,,
6,40733455,4.6,30.94,9.8,7.64,4.7,143.31,ACTIVE,,
7,42324350,9.2,5.27,25.0,7.54,,0.0,ACTIVE,,
0,43653365,5.9,8.69,17.0,6.87,17.0,48.62,ACTIVE,,
1,47017083,1.67,5.22,1.98,21.51,,0.0,ACTIVE,,
2,40762513,16.5,12.64,65.0,5.43,,0.0,ACTIVE,,
3,38214962,17.0,5.08,60.0,5.87,,0.0,ACTIVE,,
4,41286638,10.0,5.74,28.0,6.32,,0.0,ACTIVE,,
5,39787308,34.0,9.02,590.0,8.54,340.0,6.21,ACTIVE,,
6,40733455,4.6,30.94,9.8,10.98,4.7,143.31,ACTIVE,,
7,42324350,9.2,5.27,25.0,7.54,,0.0,ACTIVE,,
0,43653365,6.2,7.72,17.0,8.87,17.0,48.62,ACTIVE,,
1,47017083,1.67,5.22,1.98,21.51,,0.0,ACTIVE,,
2,40762513,16.5,12.64,65.0,5.43,,0.0,ACTIVE,,
3,38214962,17.0,5.08,60.0,5.87,,0.0,ACTIVE,,
4,41286638,10.0,5.74,28.0,6.32,,0.0,ACTIVE,,
5,39787308,34.0,9.02,590.0,8.54,340.0,6.21,ACTIVE,,
6,40733455,4.6,30.94,9.8,10.98,4.7,143.31,ACTIVE,,
7,42324350,9.2,5.27,25.0,7.54,,0.0,ACTIVE,,
0,43653365,6.2,8.69,17.0,8.87,17.0,48.62,ACTIVE,,
1,47017083,1.67,5.22,1.98,21.51,,0.0,ACTIVE,,
2,40762513,16.5,12.64,65.0,5.43,,0.0,ACTIVE,,
3,38214962,17.0,5.08,60.0,5.87,,0.0,ACTIVE,,
4,41286638,10.0,5.74,28.0,6.32,,0.0,ACTIVE,,
5,39787308,34.0,9.02,590.0,8.54,340.0,6.21,ACTIVE,,
6,40733455,4.6,30.94,9.8,10.98,4.7,143.31,ACTIVE,,
7,42324350,9.2,5.27,25.0,7.54,,0.0,ACTIVE,,
0,43653365,6.6,13.4,17.0,8.87,17.0,48.62,ACTIVE,,
1,47017083,1.67,5.22,1.98,21.51,,0.0,ACTIVE,,
2,40762513,16.5,12.64,65.0,5.43,,0.0,ACTIVE,,
3,38214962,17.0,5.08,60.0,5.87,,0.0,ACTIVE,,
4,41286638,10.0,5.74,28.0,6.32,,0.0,ACTIVE,,
5,39787308,34.0,9.02,590.0,8.54,340.0,6.21,ACTIVE,,
6,40733455,4.6,30.94,9.4,7.09,4.7,143.31,ACTIVE,,
7,42324350,9.2,5.27,25.0,7.54,,0.0,ACTIVE,,
0,43653365,6.8,8.69,17.0,8.87,17.0,48.62,ACTIVE,,
1,47017083,1.67,5.22,1.98,21.51,,0.0,ACTIVE,,
2,40762513,16.5,12.64,65.0,6.14,,0.0,ACTIVE,,
3,38214962,17.0,5.08,60.0,5.87,,0.0,ACTIVE,,
4,41286638,10.0,5.74,28.0,6.32,,0.0,ACTIVE,,
5,39787308,34.0,9.02,590.0,8.54,340.0,6.21,ACTIVE,,
6,40733455,4.6,30.94,9.4,10.42,4.7,143.31,ACTIVE,,
7,42324350,9.2,5.27,25.0,7.54,,0.0,ACTIVE,,
0,43653365,6.8,5.75,16.5,7.96,17.0,48.62,ACTIVE,,
1,47017083,1.67,5.22,1.98,21.51,,0.0,ACTIVE,,
2,40762513,16.5,12.64,65.0,6.14,,0.0,ACTIVE,,
3,38214962,17.0,5.08,60.0,5.87,,0.0,ACTIVE,,
4,41286638,10.0,5.74,27.0,7.78,,0.0,ACTIVE,,
5,39787308,34.0,9.02,590.0,8.54,340.0,6.21,ACTIVE,,
6,40733455,4.6,30.94,8.8,7.18,4.7,143.31,ACTIVE,,
7,42324350,9.2,5.27,25.0,7.54,,0.0,ACTIVE,,
0,43653365,6.8,5.75,16.5,7.96,17.0,48.62,ACTIVE,,
1,47017083,1.67,5.22,1.98,21.51,,0.0,ACTIVE,,
2,40762513,16.5,12.64,65.0,6.14,,0.0,ACTIVE,,
3,38214962,17.0,5.08,60.0,5.87,,0.0,ACTIVE,,
4,41286638,10.0,5.74,27.0,7.78,,0.0,ACTIVE,,
5,39787308,34.0,9.02,590.0,8.54,340.0,6.21,ACTIVE,,
6,40733455,4.6,30.94,8.6,5.0,4.7,143.31,ACTIVE,,
7,42324350,9.2,5.27,25.0,7.54,,0.0,ACTIVE,,
0,43653365,6.8,5.75,16.5,5.96,17.0,48.62,ACTIVE,,
1,47017083,1.67,5.22,1.98,21.51,,0.0,ACTIVE,,
2,40762513,16.5,12.64,65.0,6.14,,0.0,ACTIVE,,
3,38214962,17.0,5.08,60.0,5.87,,0.0,ACTIVE,,
4,41286638,10.0,5.74,27.0,7.78,,0.0,ACTIVE,,
5,39787308,34.0,9.02,590.0,8.54,340.0,6.21,ACTIVE,,
6,40733455,4.6,30.94,8.6,11.98,4.7,143.31,ACTIVE,,
7,42324350,9.2,5.27,25.0,7.54,,0.0,ACTIVE,,
0,43653365,7.2,11.67,16.5,5.96,17.0,48.62,ACTIVE,,
1,47017083,1.67,5.22,1.98,21.51,,0.0,ACTIVE,,
2,40762513,16.5,12.64,65.0,6.14,,0.0,ACTIVE,,
3,38214962,17.0,5.08,60.0,5.87,,0.0,ACTIVE,,
4,41286638,10.0,5.74,27.0,7.78,,0.0,ACTIVE,,
5,39787308,38.0,6.55,440.0,7.55,340.0,6.21,ACTIVE,,
6,40733455,4.6,30.94,8.6,11.98,4.7,143.31,ACTIVE,,
7,42324350,9.2,5.27,25.0,7.54,,0.0,ACTIVE,,
0,43653365,7.4,7.72,16.5,5.96,17.0,48.62,ACTIVE,,
1,47017083,1.67,5.22,1.98,21.51,,0.0,ACTIVE,,
2,40762513,16.5,12.64,65.0,6.14,,0.0,ACTIVE,,
3,38214962,17.0,5.08,60.0,5.87,,0.0,ACTIVE,,
4,41286638,10.0,5.74,27.0,7.78,,0.0,ACTIVE,,
5,39787308,38.0,6.55,440.0,7.55,340.0,6.21,ACTIVE,,
6,40733455,4.6,30.94,8.6,11.98,4.7,143.31,ACTIVE,,
7,42324350,9.2,5.27,25.0,7.54,,0.0,ACTIVE,,
0,43653365,7.6,6.61,16.5,5.96,17.0,48.62,ACTIVE,,
1,47017083,1.67,5.22,1.98,21.51,,0.0,ACTIVE,,
2,40762513,16.5,12.64,65.0,6.14,,0.0,ACTIVE,,
3,38214962,17.0,5.08,60.0,5.46,,0.0,ACTIVE,,
4,41286638,10.0,5.74,27.0,7.78,,0.0,ACTIVE,,
5,39787308,38.0,6.55,440.0,7.55,340.0,6.21,ACTIVE,,
6,40733455,4.6,30.94,8.6,11.98,4.7,143.31,ACTIVE,,
7,42324350,9.2,5.27,25.0,8.16,,0.0,ACTIVE,,
0,43653365,7.6,6.61,16.5,5.96,17.0,48.62,ACTIVE,,
1,47017083,1.67,5.22,1.98,21.51,,0.0,ACTIVE,,
2,40762513,16.5,12.64,65.0,6.14,,0.0,ACTIVE,,
3,38214962,17.0,5.08,60.0,5.46,,0.0,ACTIVE,,
4,41286638,10.0,5.74,27.0,7.78,,0.0,ACTIVE,,
5,39787308,38.0,6.55,440.0,7.55,340.0,6.21,ACTIVE,,
6,40733455,4.6,30.94,8.4,5.64,4.7,143.31,ACTIVE,,
7,42324350,9.2,5.27,25.0,8.16,,0.0,ACTIVE,,
0,43653365,8.0,8.08,16.5,5.96,17.0,48.62,ACTIVE,,
1,47017083,1.67,5.22,1.98,21.51,,0.0,ACTIVE,,
2,40762513,16.5,12.64,65.0,6.14,,0.0,ACTIVE,,
3,38214962,17.0,5.08,60.0,5.46,,0.0,ACTIVE,,
4,41286638,10.0,5.74,27.0,7.78,,0.0,ACTIVE,,
5,39787308,38.0,6.55,440.0,7.55,340.0,6.21,ACTIVE,,
6,40733455,4.6,30.94,8.2,7.64,4.7,143.31,ACTIVE,,
7,42324350,9.2,5.27,25.0,8.16,,0.0,ACTIVE,,
0,43653365,8.0,8.08,16.5,5.96,17.0,48.62,ACTIVE,,
1,47017083,1.67,5.22,1.98,21.51,,0.0,ACTIVE,,
2,40762513,16.5,12.64,65.0,6.14,,0.0,ACTIVE,,
3,38214962,17.0,5.08,60.0,5.46,,0.0,ACTIVE,,
4,41286638,10.0,5.74,27.0,7.78,,0.0,ACTIVE,,
5,39787308,38.0,6.55,440.0,7.55,340.0,6.21,ACTIVE,,
6,40733455,4.6,30.94,8.2,10.97,4.7,143.31,ACTIVE,,
7,42324350,9.2,6.18,25.0,8.16,,0.0,ACTIVE,,
0,43653365,8.0,8.08,16.5,5.96,17.0,48.62,ACTIVE,,
1,47017083,1.67,5.22,1.98,21.51,,0.0,ACTIVE,,
2,40762513,18.0,8.46,65.0,6.14,,0.0,ACTIVE,,
3,38214962,18.0,7.89,60.0,8.94,,0.0,ACTIVE,,
4,41286638,10.0,9.22,27.0,7.78,,0.0,ACTIVE,,
5,39787308,40.0,5.03,440.0,7.55,340.0,6.21,ACTIVE,,
6,40733455,4.6,30.94,8.2,10.97,4.7,143.31,ACTIVE,,
7,42324350,9.6,13.54,25.0,8.16,,0.0,ACTIVE,,
0,43653365,8.0,8.08,16.5,5.96,17.0,48.62,ACTIVE,,
1,47017083,1.67,5.22,1.98,21.51,,0.0,ACTIVE,,
2,40762513,18.0,8.46,65.0,6.14,,0.0,ACTIVE,,
3,38214962,18.0,7.86,60.0,8.94,,0.0,ACTIVE,,
4,41286638,10.0,9.22,27.0,7.78,,0.0,ACTIVE,,
5,39787308,40.0,5.03,440.0,7.55,340.0,6.21,ACTIVE,,
6,40733455,4.6,30.94,8.2,10.97,4.7,143.31,ACTIVE,,
7,42324350,10.0,12.63,25.0,8.16,,0.0,ACTIVE,,
0,43653365,8.0,8.08,16.5,5.96,17.0,48.62,ACTIVE,,
1,47017083,1.67,5.22,1.98,21.51,,0.0,ACTIVE,,
2,40762513,18.0,8.46,65.0,6.14,,0.0,ACTIVE,,
3,38214962,18.0,7.86,60.0,8.94,,0.0,ACTIVE,,
4,41286638,10.0,9.22,26.0,6.27,,0.0,ACTIVE,,
5,39787308,40.0,5.03,440.0,7.55,340.0,6.21,ACTIVE,,
6,40733455,4.6,30.94,8.2,10.97,4.7,143.31,ACTIVE,,
7,42324350,10.5,9.78,25.0,8.16,,0.0,ACTIVE,,
0,43653365,8.0,8.08,16.5,5.96,17.0,48.62,ACTIVE,,
1,47017083,1.67,5.22,1.98,21.51,,0.0,ACTIVE,,
2,40762513,18.0,8.46,65.0,6.14,,0.0,ACTIVE,,
3,38214962,18.0,7.86,60.0,8.94,,0.0,ACTIVE,,
4,41286638,10.0,9.22,26.0,6.27,,0.0,ACTIVE,,
5,39787308,40.0,5.03,440.0,7.55,340.0,6.21,ACTIVE,,
6,40733455,4.6,30.94,8.2,10.97,4.7,143.31,ACTIVE,,
7,42324350,10.5,9.78,25.0,8.16,,0.0,ACTIVE,,
0,43653365,8.0,7.5,16.5,5.96,17.0,48.62,ACTIVE,,
1,47017083,1.67,5.22,1.98,21.51,,0.0,ACTIVE,,
2,40762513,18.0,8.46,65.0,6.14,,0.0,ACTIVE,,
3,38214962,18.0,7.86,60.0,8.94,,0.0,ACTIVE,,
4,41286638,10.0,9.22,26.0,9.75,,0.0,ACTIVE,,
5,39787308,40.0,5.03,440.0,7.55,340.0,6.21,ACTIVE,,
6,40733455,4.6,30.94,8.6,8.16,4.7,143.31,ACTIVE,,
7,42324350,10.5,9.78,25.0,8.16,,0.0,ACTIVE,,
0,43653365,8.0,7.5,16.5,5.96,17.0,48.62,ACTIVE,,
1,47017083,1.67,5.22,1.98,21.51,,0.0,ACTIVE,,
2,40762513,18.0,8.46,65.0,6.14,,0.0,ACTIVE,,
3,38214962,18.0,7.86,60.0,8.94,,0.0,ACTIVE,,
4,41286638,10.0,9.22,26.0,9.75,,0.0,ACTIVE,,
5,39787308,40.0,5.03,440.0,7.55,340.0,6.21,ACTIVE,,
6,40733455,4.6,30.94,8.2,10.98,4.7,143.31,ACTIVE,,
7,42324350,10.5,9.78,25.0,8.16,,0.0,ACTIVE,,
0,43653365,8.0,7.5,16.5,5.96,17.0,48.62,ACTIVE,,
1,47017083,1.67,5.22,1.98,21.51,,0.0,ACTIVE,,
2,40762513,18.0,8.46,65.0,6.14,,0.0,ACTIVE,,
3,38214962,18.0,7.86,60.0,8.94,,0.0,ACTIVE,,
4,41286638,10.0,9.22,26.0,9.75,,0.0,ACTIVE,,
5,39787308,40.0,5.03,440.0,7.55,340.0,6.21,ACTIVE,,
6,40733455,4.6,30.94,8.2,10.98,4.7,143.31,ACTIVE,,
7,42324350,10.5,9.78,25.0,8.16,,0.0,ACTIVE,,
0,43653365,8.0,8.08,16.5,5.96,17.0,48.62,ACTIVE,,
1,47017083,1.67,5.22,1.98,21.51,,0.0,ACTIVE,,
2,40762513,18.0,8.46,65.0,6.14,,0.0,ACTIVE,,
3,38214962,18.0,7.86,60.0,8.94,,0.0,ACTIVE,,
4,41286638,10.0,9.22,26.0,9.75,,0.0,ACTIVE,,
5,39787308,40.0,5.03,440.0,7.55,340.0,6.21,ACTIVE,,
6,40733455,4.6,30.94,8.2,10.98,4.7,143.31,ACTIVE,,
7,42324350,10.5,9.78,25.0,8.16,,0.0,ACTIVE,,
0,43653365,8.2,5.22,16.5,5.96,17.0,48.62,ACTIVE,,
1,47017083,1.67,5.22,1.98,21.51,,0.0,ACTIVE,,
2,40762513,18.0,8.46,65.0,6.14,,0.0,ACTIVE,,
3,38214962,18.0,7.86,60.0,9.65,,0.0,ACTIVE,,
4,41286638,10.0,9.22,26.0,9.75,,0.0,ACTIVE,,
5,39787308,40.0,5.03,440.0,7.55,340.0,6.21,ACTIVE,,
6,40733455,4.6,30.94,8.2,10.98,4.7,143.31,ACTIVE,,
7,42324350,10.5,9.66,25.0,8.16,,0.0,ACTIVE,,
0,43653365,8.4,6.08,16.5,5.96,17.0,48.62,ACTIVE,,
1,47017083,1.67,5.22,1.98,21.51,,0.0,ACTIVE,,
2,40762513,18.0,8.46,65.0,6.14,,0.0,ACTIVE,,
3,38214962,18.0,7.86,60.0,9.65,,0.0,ACTIVE,,
4,41286638,10.0,9.22,26.0,9.75,,0.0,ACTIVE,,
5,39787308,40.0,5.03,440.0,7.55,340.0,6.21,ACTIVE,,
6,40733455,4.6,30.94,8.2,10.98,4.7,143.31,ACTIVE,,
7,42324350,10.5,9.66,25.0,8.16,,0.0,ACTIVE,,
0,43653365,8.4,6.08,17.0,6.87,17.0,48.62,ACTIVE,,
1,47017083,1.67,5.22,1.98,21.51,,0.0,ACTIVE,,
2,40762513,18.0,8.46,65.0,6.14,,0.0,ACTIVE,,
3,38214962,18.0,7.13,60.0,9.65,,0.0,ACTIVE,,
4,41286638,10.0,9.22,26.0,9.75,,0.0,ACTIVE,,
5,39787308,40.0,5.03,440.0,7.55,340.0,6.21,ACTIVE,,
6,40733455,4.6,30.94,8.2,10.98,4.7,143.31,ACTIVE,,
7,42324350,10.5,9.66,25.0,8.16,,0.0,ACTIVE,,
0,43653365,8.4,6.08,17.0,6.87,17.0,48.62,ACTIVE,,
1,47017083,1.67,5.22,1.98,21.51,,0.0,ACTIVE,,
2,40762513,18.0,8.46,65.0,6.14,,0.0,ACTIVE,,
3,38214962,18.0,7.85,60.0,9.65,,0.0,ACTIVE,,
4,41286638,10.0,9.22,26.0,9.75,,0.0,ACTIVE,,
5,39787308,40.0,5.03,440.0,7.55,340.0,6.21,ACTIVE,,
6,40733455,4.6,30.94,8.0,5.64,4.7,143.31,ACTIVE,,
7,42324350,10.5,9.66,25.0,8.16,,0.0,ACTIVE,,
0,43653365,8.6,8.61,17.0,6.87,17.0,48.62,ACTIVE,,
1,47017083,1.67,5.22,1.98,21.51,,0.0,ACTIVE,,
2,40762513,18.0,8.46,65.0,6.14,,0.0,ACTIVE,,
3,38214962,18.0,7.85,60.0,9.65,,0.0,ACTIVE,,
4,41286638,10.0,9.22,26.0,9.75,,0.0,ACTIVE,,
5,39787308,40.0,5.03,440.0,7.55,340.0,6.21,ACTIVE,,
6,40733455,4.6,30.94,8.0,5.18,4.7,143.31,ACTIVE,,
7,42324350,10.5,9.66,25.0,8.16,,0.0,ACTIVE,,
0,43653365,8.6,8.61,17.0,6.87,17.0,48.62,ACTIVE,,
1,47017083,1.67,5.22,1.98,21.51,,0.0,ACTIVE,,
2,40762513,18.0,8.46,65.0,6.14,,0.0,ACTIVE,,
3,38214962,18.0,7.85,60.0,9.65,,0.0,ACTIVE,,
4,41286638,10.0,9.17,26.0,9.75,,0.0,ACTIVE,,
5,39787308,40.0,5.03,440.0,7.55,340.0,6.21,ACTIVE,,
6,40733455,4.6,30.94,7.8,5.05,4.7,143.31,ACTIVE,,
7,42324350,10.5,9.66,25.0,8.16,,0.0,ACTIVE,,
0,43653365,8.6,9.19,17.0,6.87,17.0,48.62,ACTIVE,,
1,47017083,1.67,5.22,1.98,21.51,,0.0,ACTIVE,,
2,40762513,18.0,8.4,65.0,6.14,,0.0,ACTIVE,,
3,38214962,18.0,7.82,60.0,9.65,,0.0,ACTIVE,,
4,41286638,10.0,9.17,26.0,9.75,,0.0,ACTIVE,,
5,39787308,40.0,5.01,440.0,7.55,340.0,6.21,ACTIVE,,
6,40733455,4.6,30.94,7.8,5.05,4.7,143.31,ACTIVE,,
7,42324350,8.4,19.59,25.0,8.16,10.5,10.0,ACTIVE,,
0,43653365,8.6,9.53,17.0,6.87,17.0,48.62,ACTIVE,,
1,47017083,1.67,5.22,1.98,21.51,,0.0,ACTIVE,,
2,40762513,18.0,8.4,65.0,6.14,,0.0,ACTIVE,,
3,38214962,16.0,12.49,60.0,9.65,,0.0,ACTIVE,,
4,41286638,10.0,9.46,26.0,9.75,,0.0,ACTIVE,,
5,39787308,40.0,5.01,440.0,7.55,340.0,6.21,ACTIVE,,
6,40733455,4.6,30.94,6.0,5.0,4.7,143.31,ACTIVE,,
7,42324350,8.4,19.59,25.0,8.25,10.5,10.0,ACTIVE,,
0,43653365,8.8,9.53,17.0,6.87,17.0,48.62,ACTIVE,,
1,47017083,1.67,5.22,1.98,21.51,,0.0,ACTIVE,,
2,40762513,18.0,8.4,65.0,6.14,,0.0,ACTIVE,,
3,38214962,18.0,5.81,60.0,9.65,,0.0,ACTIVE,,
4,41286638,10.0,9.46,26.0,9.75,,0.0,ACTIVE,,
5,39787308,40.0,5.01,440.0,7.55,340.0,6.21,ACTIVE,,
6,40733455,4.6,30.94,6.0,5.0,4.7,143.31,ACTIVE,,
7,42324350,8.4,19.59,25.0,8.25,10.5,10.0,ACTIVE,,
0,43653365,8.8,9.53,17.0,6.87,17.0,48.62,ACTIVE,,
1,47017083,1.67,5.22,1.98,21.51,,0.0,ACTIVE,,
2,40762513,18.0,8.4,65.0,6.14,,0.0,ACTIVE,,
3,38214962,17.5,8.49,60.0,9.65,,0.0,ACTIVE,,
4,41286638,10.0,9.46,26.0,9.75,,0.0,ACTIVE,,
5,39787308,38.0,9.91,440.0,7.55,340.0,6.21,ACTIVE,,
6,40733455,4.6,30.94,6.0,5.0,4.7,143.31,ACTIVE,,
7,42324350,8.4,19.59,22.0,6.41,10.5,10.0,ACTIVE,,
0,43653365,8.8,9.53,17.0,6.87,17.0,48.62,ACTIVE,,
1,47017083,1.67,5.22,1.98,21.51,,0.0,ACTIVE,,
2,40762513,18.0,8.4,65.0,6.14,,0.0,ACTIVE,,
3,38214962,16.0,12.49,60.0,9.65,,0.0,ACTIVE,,
4,41286638,10.0,9.46,26.0,9.75,,0.0,ACTIVE,,
5,39787308,38.0,9.91,440.0,7.55,340.0,6.21,ACTIVE,,
6,40733455,4.6,30.94,6.0,5.0,4.7,143.31,ACTIVE,,
7,42324350,8.4,19.59,22.0,5.97,10.5,10.0,ACTIVE,,
0,43653365,8.8,9.53,17.0,6.87,17.0,48.62,ACTIVE,,
1,47017083,1.67,5.22,1.98,21.51,,0.0,ACTIVE,,
2,40762513,18.0,8.4,65.0,6.14,,0.0,ACTIVE,,
3,38214962,18.0,7.98,60.0,9.65,,0.0,ACTIVE,,
4,41286638,10.0,9.46,26.0,9.75,,0.0,ACTIVE,,
5,39787308,38.0,9.91,440.0,7.55,340.0,6.21,ACTIVE,,
6,40733455,4.6,30.94,6.0,5.0,4.7,143.31,ACTIVE,,
7,42324350,8.4,19.59,22.0,6.41,10.5,10.0,ACTIVE,,
0,43653365,8.8,8.87,17.0,6.87,17.0,48.62,ACTIVE,,
1,47017083,1.67,5.22,1.98,21.51,,0.0,ACTIVE,,
2,40762513,18.0,8.4,65.0,6.14,,0.0,ACTIVE,,
3,38214962,16.0,12.49,60.0,9.65,,0.0,ACTIVE,,
4,41286638,10.0,9.46,26.0,9.75,,0.0,ACTIVE,,
5,39787308,38.0,9.91,440.0,7.55,340.0,6.21,ACTIVE,,
6,40733455,4.6,30.94,6.0,5.0,4.7,143.31,ACTIVE,,
7,42324350,8.6,8.19,22.0,6.41,10.5,10.0,ACTIVE,,
0,43653365,8.8,9.45,17.0,6.87,17.0,48.62,ACTIVE,,
1,47017083,1.67,5.22,1.98,21.51,,0.0,ACTIVE,,
2,40762513,18.0,8.4,65.0,6.14,,0.0,ACTIVE,,
3,38214962,16.5,8.49,60.0,9.65,,0.0,ACTIVE,,
4,41286638,10.0,9.46,26.0,9.75,,0.0,ACTIVE,,
5,39787308,38.0,9.91,440.0,7.55,340.0,6.21,ACTIVE,,
6,40733455,4.6,30.94,6.0,5.0,4.7,143.31,ACTIVE,,
7,42324350,8.8,6.9,22.0,6.41,10.5,10.0,ACTIVE,,
0,43653365,5.5,6.86,17.0,6.87,17.0,48.62,ACTIVE,,
1,47017083,1.66,8.07,1.97,7.36,1.67,0.73,ACTIVE,,
2,40762513,18.0,8.4,65.0,6.14,,0.0,ACTIVE,,
3,38214962,16.5,8.49,60.0,9.65,,0.0,ACTIVE,,
4,41286638,10.0,9.46,26.0,9.75,,0.0,ACTIVE,,
5,39787308,38.0,9.91,440.0,7.55,340.0,6.21,ACTIVE,,
6,40733455,4.6,30.94,6.0,5.0,4.7,143.31,ACTIVE,,
7,42324350,8.6,8.19,22.0,6.41,10.5,10.0,ACTIVE,,
0,43653365,5.5,8.1,17.0,6.87,17.0,48.62,ACTIVE,,
1,47017083,1.66,8.07,1.97,7.36,1.67,0.73,ACTIVE,,
2,40762513,18.0,8.4,65.0,6.14,,0.0,ACTIVE,,
3,38214962,16.0,12.49,60.0,9.65,,0.0,ACTIVE,,
4,41286638,10.0,9.46,26.0,9.75,,0.0,ACTIVE,,
5,39787308,38.0,9.91,440.0,7.55,340.0,6.21,ACTIVE,,
6,40733455,4.6,30.94,6.0,5.0,4.7,143.31,ACTIVE,,
7,42324350,8.6,5.98,22.0,6.41,10.5,10.0,ACTIVE,,
0,43653365,5.5,8.1,17.0,6.87,17.0,48.62,ACTIVE,,
1,47017083,1.66,8.07,1.97,7.36,1.75,20.72,ACTIVE,,
2,40762513,18.0,8.4,65.0,6.14,,0.0,ACTIVE,,
3,38214962,16.0,12.49,60.0,9.65,,0.0,ACTIVE,,
4,41286638,10.0,9.46,26.0,9.75,,0.0,ACTIVE,,
5,39787308,38.0,9.91,440.0,7.55,340.0,6.21,ACTIVE,,
6,40733455,4.6,30.94,6.0,5.0,4.7,143.31,ACTIVE,,
7,42324350,8.6,8.19,22.0,6.41,10.5,10.0,ACTIVE,,
0,43653365,5.5,8.1,17.0,6.87,17.0,48.62,ACTIVE,,
1,47017083,1.66,8.07,1.97,7.36,1.75,20.72,ACTIVE,,
2,40762513,18.0,8.4,65.0,6.14,,0.0,ACTIVE,,
3,38214962,16.0,12.49,60.0,9.65,,0.0,ACTIVE,,
4,41286638,10.0,9.46,26.0,9.75,,0.0,ACTIVE,,
5,39787308,38.0,9.91,440.0,7.55,340.0,6.21,ACTIVE,,
6,40733455,4.6,30.94,6.0,5.0,4.7,143.31,ACTIVE,,
7,42324350,8.8,6.9,22.0,6.41,10.5,10.0,ACTIVE,,
0,43653365,8.8,9.29,17.0,6.87,17.0,48.62,ACTIVE,,
1,47017083,1.66,8.07,1.97,7.36,1.75,20.72,ACTIVE,,
2,40762513,18.0,8.4,65.0,6.14,,0.0,ACTIVE,,
3,38214962,17.5,7.98,60.0,9.65,,0.0,ACTIVE,,
4,41286638,10.0,9.46,26.0,9.75,,0.0,ACTIVE,,
5,39787308,38.0,9.91,440.0,7.55,340.0,6.21,ACTIVE,,
6,40733455,4.6,30.94,6.0,5.0,4.7,143.31,ACTIVE,,
7,42324350,9.0,6.9,22.0,7.14,10.5,10.0,ACTIVE,,
0,43653365,8.8,9.29,17.0,6.87,17.0,48.62,ACTIVE,,
1,47017083,1.66,8.07,1.8,20.0,1.75,20.72,ACTIVE,,
2,40762513,18.0,8.4,65.0,6.14,,0.0,ACTIVE,,
3,38214962,18.0,5.65,60.0,9.65,,0.0,ACTIVE,,
4,41286638,10.0,9.46,26.0,9.75,,0.0,ACTIVE,,
5,39787308,38.0,9.91,440.0,7.55,340.0,6.21,ACTIVE,,
6,40733455,4.6,30.94,6.0,5.0,4.7,143.31,ACTIVE,,
7,42324350,9.0,6.9,22.0,7.14,10.5,10.0,ACTIVE,,
0,43653365,8.8,9.29,17.0,8.61,17.0,48.62,ACTIVE,,
1,47017083,1.66,8.07,1.79,7.36,1.75,20.72,ACTIVE,,
2,40762513,18.0,8.4,65.0,7.88,,0.0,ACTIVE,,
3,38214962,18.0,5.65,60.0,11.39,,0.0,ACTIVE,,
4,41286638,10.0,9.46,26.0,11.49,,0.0,ACTIVE,,
5,39787308,40.0,5.67,440.0,9.29,340.0,6.21,ACTIVE,,
6,40733455,4.6,30.94,6.0,6.74,4.7,143.31,ACTIVE,,
7,42324350,9.0,6.9,22.0,8.88,10.5,10.0,ACTIVE,,
0,43653365,9.2,6.48,17.0,8.61,17.0,48.62,ACTIVE,,
1,47017083,1.67,6.6,1.79,7.36,1.75,20.72,ACTIVE,,
2,40762513,18.0,8.4,65.0,7.88,,0.0,ACTIVE,,
3,38214962,18.0,5.65,60.0,11.84,,0.0,ACTIVE,,
4,41286638,10.0,9.46,26.0,11.49,,0.0,ACTIVE,,
5,39787308,40.0,5.67,440.0,9.29,340.0,6.21,ACTIVE,,
6,40733455,4.6,32.68,6.0,7.92,4.7,143.31,ACTIVE,,
7,42324350,9.0,6.9,22.0,8.88,10.5,10.0,ACTIVE,,
0,43653365,9.2,6.48,16.5,7.7,17.0,48.62,ACTIVE,,
1,47017083,1.67,6.6,1.79,7.36,1.75,20.72,ACTIVE,,
2,40762513,18.0,8.4,65.0,7.88,,0.0,ACTIVE,,
3,38214962,18.0,5.65,60.0,11.84,,0.0,ACTIVE,,
4,41286638,10.0,9.46,26.0,11.49,,0.0,ACTIVE,,
5,39787308,40.0,5.5,440.0,9.29,340.0,6.21,ACTIVE,,
6,40733455,4.6,32.68,5.8,8.46,4.7,143.31,ACTIVE,,
7,42324350,9.0,6.9,22.0,8.88,10.5,10.0,ACTIVE,,
0,43653365,9.2,6.48,16.5,7.7,17.0,48.62,ACTIVE,,
1,47017083,1.67,6.6,1.79,7.36,1.75,20.72,ACTIVE,,
2,40762513,18.0,8.4,65.0,7.88,,0.0,ACTIVE,,
3,38214962,18.0,5.65,60.0,11.84,,0.0,ACTIVE,,
4,41286638,10.0,9.46,26.0,11.49,,0.0,ACTIVE,,
5,39787308,40.0,5.67,440.0,9.29,340.0,6.21,ACTIVE,,
6,40733455,4.6,32.68,5.7,6.32,4.7,143.31,ACTIVE,,
7,42324350,9.0,6.9,22.0,8.88,10.5,10.0,ACTIVE,,
0,43653365,9.2,6.48,16.5,8.7,17.0,48.62,ACTIVE,,
1,47017083,1.67,6.6,1.79,7.36,1.75,20.72,ACTIVE,,
2,40762513,18.0,8.4,65.0,7.88,,0.0,ACTIVE,,
3,38214962,18.0,5.65,60.0,11.84,,0.0,ACTIVE,,
4,41286638,10.0,10.52,26.0,11.49,,0.0,ACTIVE,,
5,39787308,40.0,5.67,440.0,9.29,340.0,6.21,ACTIVE,,
6,40733455,4.6,32.68,5.7,6.32,4.7,143.31,ACTIVE,,
7,42324350,9.0,8.1,22.0,8.88,10.5,10.0,ACTIVE,,
0,43653365,7.8,5.57,16.5,10.64,12.0,50.63,ACTIVE,,
1,47017083,1.67,6.6,1.79,7.36,1.75,20.72,ACTIVE,,
2,40762513,18.0,8.4,65.0,7.88,,0.0,ACTIVE,,
3,38214962,18.0,5.65,60.0,11.84,,0.0,ACTIVE,,
4,41286638,10.0,9.46,26.0,11.49,,0.0,ACTIVE,,
5,39787308,40.0,5.67,440.0,9.29,340.0,6.21,ACTIVE,,
6,40733455,4.6,32.68,5.7,6.32,4.7,143.31,ACTIVE,,
7,42324350,9.0,6.9,22.0,8.88,10.5,10.0,ACTIVE,,
0,43653365,9.2,6.45,16.5,10.64,12.0,50.63,ACTIVE,,
1,47017083,1.67,6.6,1.79,7.36,1.75,20.72,ACTIVE,,
2,40762513,18.0,8.4,65.0,6.14,,0.0,ACTIVE,,
3,38214962,18.0,5.65,60.0,11.84,,0.0,ACTIVE,,
4,41286638,10.0,9.46,26.0,11.49,,0.0,ACTIVE,,
5,39787308,40.0,5.67,440.0,9.29,340.0,6.21,ACTIVE,,
6,40733455,4.6,32.68,5.7,6.32,4.7,143.31,ACTIVE,,
7,42324350,9.0,6.9,22.0,8.88,10.5,10.0,ACTIVE,,
0,43653365,9.2,6.45,16.5,9.72,12.0,50.63,ACTIVE,,
1,47017083,1.67,6.6,1.79,7.36,1.75,20.72,ACTIVE,,
2,40762513,18.0,8.4,65.0,7.88,,0.0,ACTIVE,,
3,38214962,18.0,5.65,60.0,11.84,,0.0,ACTIVE,,
4,41286638,10.0,9.46,26.0,11.49,,0.0,ACTIVE,,
5,39787308,40.0,5.67,440.0,9.29,340.0,6.21,ACTIVE,,
6,40733455,4.6,32.68,5.7,6.32,4.7,143.31,ACTIVE,,
7,42324350,9.0,6.9,22.0,8.88,10.5,10.0,ACTIVE,,
0,43653365,7.0,6.64,13.5,5.22,12.0,50.63,ACTIVE,,
1,47017083,1.67,6.6,1.79,7.36,1.75,20.72,ACTIVE,,
2,40762513,18.0,8.4,65.0,7.88,,0.0,ACTIVE,,
3,38214962,18.0,5.65,60.0,11.84,,0.0,ACTIVE,,
4,41286638,9.8,5.94,26.0,11.49,,0.0,ACTIVE,,
5,39787308,40.0,5.67,440.0,9.29,340.0,6.21,ACTIVE,,
6,40733455,5.2,13.12,6.0,5.0,5.7,150.1,ACTIVE,,
7,42324350,9.4,6.75,22.0,7.14,12.5,27.4,ACTIVE,,
0,43653365,5.9,8.61,15.0,5.96,13.5,57.24,ACTIVE,,
1,47017083,1.67,6.6,1.77,10.0,1.75,20.72,ACTIVE,,
2,40762513,18.0,8.4,65.0,7.88,,0.0,ACTIVE,,
3,38214962,18.0,12.09,60.0,11.84,,0.0,ACTIVE,,
4,41286638,10.5,5.07,26.0,11.49,,0.0,ACTIVE,,
5,39787308,40.0,5.67,440.0,9.29,340.0,6.21,ACTIVE,,
6,40733455,5.3,8.7,5.9,7.92,5.3,162.41,ACTIVE,,
7,42324350,9.8,7.18,22.0,7.14,12.5,27.4,ACTIVE,,
0,43653365,6.6,5.62,15.0,5.96,13.5,57.24,ACTIVE,,
1,47017083,1.67,6.6,1.77,10.0,1.75,20.72,ACTIVE,,
2,40762513,18.0,8.4,65.0,7.88,,0.0,ACTIVE,,
3,38214962,18.5,5.89,60.0,11.84,,0.0,ACTIVE,,
4,41286638,11.0,7.13,26.0,11.49,,0.0,ACTIVE,,
5,39787308,40.0,5.67,440.0,9.29,340.0,6.21,ACTIVE,,
6,40733455,4.7,9.07,5.8,7.92,5.3,162.41,ACTIVE,,
7,42324350,10.0,8.77,22.0,7.14,12.5,27.4,ACTIVE,,
0,43653365,6.6,5.62,15.0,5.96,13.5,57.24,ACTIVE,,
1,47017083,1.67,6.6,1.77,10.0,1.75,20.72,ACTIVE,,
2,40762513,18.0,8.4,65.0,7.88,,0.0,ACTIVE,,
3,38214962,18.5,5.89,60.0,11.84,,0.0,ACTIVE,,
4,41286638,11.0,7.13,26.0,11.49,,0.0,ACTIVE,,
5,39787308,40.0,5.67,440.0,9.29,340.0,6.21,ACTIVE,,
6,40733455,4.7,9.07,5.8,7.92,5.3,162.41,ACTIVE,,
7,42324350,11.0,9.64,22.0,7.14,12.5,27.4,ACTIVE,,
0,43653365,6.6,5.62,15.0,5.96,13.5,57.24,ACTIVE,,
1,47017083,1.67,6.6,1.77,10.0,1.75,20.72,ACTIVE,,
2,40762513,18.0,8.4,55.0,5.72,,0.0,ACTIVE,,
3,38214962,18.5,5.89,60.0,11.84,,0.0,ACTIVE,,
4,41286638,11.0,7.13,26.0,11.49,,0.0,ACTIVE,,
5,39787308,40.0,5.67,440.0,9.29,340.0,6.21,ACTIVE,,
6,40733455,4.6,34.23,5.8,7.92,5.1,167.49,ACTIVE,,
7,42324350,11.0,5.38,22.0,7.14,12.5,29.39,ACTIVE,,
0,43653365,5.7,6.98,15.0,5.96,13.5,57.24,ACTIVE,,
1,47017083,1.67,6.6,1.96,23.75,1.75,40.71,ACTIVE,,
2,40762513,18.0,8.4,65.0,7.46,,0.0,ACTIVE,,
3,38214962,18.5,5.89,60.0,11.84,,0.0,ACTIVE,,
4,41286638,11.0,7.13,26.0,11.49,,0.0,ACTIVE,,
5,39787308,40.0,5.67,440.0,9.29,340.0,6.21,ACTIVE,,
6,40733455,4.6,34.23,5.8,7.92,5.1,167.49,ACTIVE,,
7,42324350,11.0,5.38,22.0,7.14,12.5,29.39,ACTIVE,,
0,43653365,6.4,7.54,15.0,5.96,13.5,57.24,ACTIVE,,
1,47017083,1.67,6.6,1.94,16.57,1.75,40.71,ACTIVE,,
2,40762513,18.0,8.4,65.0,7.46,,0.0,ACTIVE,,
3,38214962,18.5,5.89,60.0,11.84,,0.0,ACTIVE,,
4,41286638,11.0,7.4,26.0,11.49,,0.0,ACTIVE,,
5,39787308,40.0,5.67,440.0,9.29,340.0,6.21,ACTIVE,,
6,40733455,4.6,34.23,5.8,7.92,5.1,167.49,ACTIVE,,
7,42324350,12.0,9.74,22.0,7.14,12.5,29.39,ACTIVE,,
0,43653365,6.8,5.01,15.0,8.36,13.5,57.24,ACTIVE,,
1,47017083,1.67,6.6,1.93,7.36,1.75,40.71,ACTIVE,,
2,40762513,18.0,24.46,60.0,6.41,,0.0,ACTIVE,,
3,38214962,19.0,5.55,50.0,9.32,,0.0,ACTIVE,,
4,41286638,11.0,28.88,24.0,12.33,,0.0,ACTIVE,,
5,39787308,40.0,5.32,440.0,9.29,340.0,6.21,ACTIVE,,
6,40733455,4.6,34.23,5.8,7.92,5.1,167.49,ACTIVE,,
7,42324350,13.0,5.1,20.0,6.71,12.5,29.39,ACTIVE,,
0,43653365,6.4,7.48,15.0,8.36,13.5,57.24,ACTIVE,,
1,47017083,1.67,6.6,1.91,16.83,1.75,40.71,ACTIVE,,
2,40762513,18.0,24.46,60.0,7.13,,0.0,ACTIVE,,
3,38214962,19.5,5.68,48.0,5.67,,0.0,ACTIVE,,
4,41286638,11.0,28.89,24.0,12.33,,0.0,ACTIVE,,
5,39787308,40.0,5.32,440.0,9.29,340.0,6.21,ACTIVE,,
6,40733455,4.6,34.23,5.8,7.92,5.1,167.49,ACTIVE,,
7,42324350,13.0,5.1,20.0,6.53,12.5,29.39,ACTIVE,,
0,43653365,6.6,8.95,15.0,5.96,13.5,57.24,ACTIVE,,
1,47017083,1.67,6.6,1.89,7.36,1.77,50.71,ACTIVE,,
2,40762513,18.0,24.46,65.0,9.41,,0.0,ACTIVE,,
3,38214962,19.5,5.68,44.0,5.22,,0.0,ACTIVE,,
4,41286638,11.0,28.89,23.0,10.43,,0.0,ACTIVE,,
5,39787308,40.0,5.32,440.0,9.29,340.0,6.21,ACTIVE,,
6,40733455,4.6,34.23,5.8,7.92,5.1,167.49,ACTIVE,,
7,42324350,13.0,17.91,22.0,8.71,12.5,29.39,ACTIVE,,
0,43653365,6.8,6.7,15.0,5.96,13.5,57.24,ACTIVE,,
1,47017083,1.67,6.6,1.89,7.36,1.77,50.71,ACTIVE,,
2,40762513,18.0,24.46,65.0,12.3,,0.0,ACTIVE,,
3,38214962,20.0,7.12,44.0,11.03,,0.0,ACTIVE,,
4,41286638,11.0,28.89,23.0,10.43,,0.0,ACTIVE,,
5,39787308,40.0,5.32,440.0,9.29,340.0,6.21,ACTIVE,,
6,40733455,4.6,34.23,5.8,7.92,5.1,167.49,ACTIVE,,
7,42324350,13.0,17.91,22.0,8.71,12.5,29.39,ACTIVE,,
0,43653365,6.2,5.05,15.0,5.96,13.5,57.24,ACTIVE,,
1,47017083,1.67,6.6,1.88,7.36,1.77,50.71,ACTIVE,,
2,40762513,18.0,24.46,65.0,12.3,,0.0,ACTIVE,,
3,38214962,21.0,11.31,42.0,7.17,,0.0,ACTIVE,,
4,41286638,11.5,9.4,23.0,10.43,,0.0,ACTIVE,,
5,39787308,40.0,5.32,440.0,9.29,340.0,6.21,ACTIVE,,
6,40733455,4.7,11.38,5.8,7.92,5.1,167.49,ACTIVE,,
7,42324350,13.5,11.19,22.0,8.71,12.5,29.39,ACTIVE,,
0,43653365,6.8,5.58,15.0,5.96,13.5,57.24,ACTIVE,,
1,47017083,1.67,6.6,1.88,7.36,1.77,50.71,ACTIVE,,
2,40762513,18.0,24.46,65.0,12.3,,0.0,ACTIVE,,
3,38214962,22.0,6.4,42.0,7.17,,0.0,ACTIVE,,
4,41286638,12.0,8.43,23.0,10.43,,0.0,ACTIVE,,
5,39787308,40.0,5.32,440.0,9.29,340.0,6.21,ACTIVE,,
6,40733455,4.7,11.38,5.8,7.92,5.1,167.49,ACTIVE,,
7,42324350,14.0,6.26,22.0,8.71,12.5,29.39,ACTIVE,,
0,43653365,6.0,5.56,15.0,8.36,13.5,57.24,ACTIVE,,
1,47017083,1.67,6.6,1.87,7.36,1.77,50.71,ACTIVE,,
2,40762513,18.0,24.46,65.0,12.3,,0.0,ACTIVE,,
3,38214962,23.0,13.46,42.0,7.17,,0.0,ACTIVE,,
4,41286638,12.5,23.25,23.0,10.43,,0.0,ACTIVE,,
5,39787308,40.0,5.32,1000.0,5.28,340.0,6.21,ACTIVE,,
6,40733455,4.7,11.38,5.8,7.92,5.1,167.49,ACTIVE,,
7,42324350,14.0,15.79,22.0,8.71,12.5,29.39,ACTIVE,,
0,43653365,5.8,5.56,16.5,9.51,13.5,57.24,ACTIVE,,
1,47017083,1.69,5.86,1.87,7.36,1.69,52.17,ACTIVE,,
2,40762513,18.0,24.46,65.0,12.3,,0.0,ACTIVE,,
3,38214962,24.0,8.91,42.0,7.17,,0.0,ACTIVE,,
4,41286638,13.0,20.1,23.0,10.43,,0.0,ACTIVE,,
5,39787308,42.0,5.62,1000.0,5.28,340.0,6.21,ACTIVE,,
6,40733455,4.7,11.38,5.8,7.92,5.1,167.49,ACTIVE,,
7,42324350,14.0,14.51,22.0,8.71,12.5,29.39,ACTIVE,,
0,43653365,5.9,8.75,16.5,9.51,13.5,57.24,ACTIVE,,
1,47017083,1.69,5.86,1.86,7.36,1.69,52.17,ACTIVE,,
2,40762513,18.0,24.46,65.0,12.3,,0.0,ACTIVE,,
3,38214962,24.0,8.91,42.0,7.17,,0.0,ACTIVE,,
4,41286638,13.5,18.4,23.0,10.43,,0.0,ACTIVE,,
5,39787308,42.0,5.62,1000.0,5.28,340.0,6.21,ACTIVE,,
6,40733455,4.7,11.38,5.8,7.92,5.1,167.49,ACTIVE,,
7,42324350,14.0,14.51,22.0,8.71,12.5,29.39,ACTIVE,,
0,43653365,5.9,7.19,16.5,9.51,13.5,57.24,ACTIVE,,
1,47017083,1.69,5.86,1.98,9.1,1.86,59.13,ACTIVE,,
2,40762513,18.0,24.46,65.0,12.3,,0.0,ACTIVE,,
3,38214962,24.0,8.91,42.0,7.17,,0.0,ACTIVE,,
4,41286638,13.5,7.13,23.0,10.43,,0.0,ACTIVE,,
5,39787308,42.0,5.62,1000.0,5.28,340.0,6.21,ACTIVE,,
6,40733455,4.7,11.38,5.8,7.92,5.1,167.49,ACTIVE,,
7,42324350,14.0,14.51,22.0,8.71,12.5,29.39,ACTIVE,,
0,43653365,6.4,7.65,16.5,9.58,13.5,57.24,ACTIVE,,
1,47017083,1.69,5.86,1.98,9.1,1.86,59.13,ACTIVE,,
2,40762513,18.0,24.46,65.0,12.3,,0.0,ACTIVE,,
3,38214962,24.0,9.03,42.0,7.17,,0.0,ACTIVE,,
4,41286638,14.0,13.56,23.0,10.43,,0.0,ACTIVE,,
5,39787308,44.0,5.62,1000.0,5.28,340.0,6.21,ACTIVE,,
6,40733455,4.7,11.38,5.8,7.92,5.1,167.49,ACTIVE,,
7,42324350,14.0,14.71,22.0,8.71,12.5,29.39,ACTIVE,,
0,43653365,6.2,7.35,16.5,9.58,13.5,57.24,ACTIVE,,
1,47017083,1.69,5.86,1.97,17.36,1.86,59.13,ACTIVE,,
2,40762513,18.0,24.46,65.0,12.3,,0.0,ACTIVE,,
3,38214962,24.0,9.03,42.0,7.17,,0.0,ACTIVE,,
4,41286638,14.0,13.56,23.0,10.43,,0.0,ACTIVE,,
5,39787308,44.0,5.62,1000.0,5.28,340.0,6.21,ACTIVE,,
6,40733455,4.8,7.96,5.8,7.92,5.1,167.49,ACTIVE,,
7,42324350,14.0,14.71,22.0,8.71,12.5,29.39,ACTIVE,,
0,43653365,7.4,6.12,16.5,5.0,15.0,62.04,ACTIVE,,
1,47017083,1.69,5.86,1.96,16.6,1.86,59.13,ACTIVE,,
2,40762513,19.5,9.6,65.0,12.3,,0.0,ACTIVE,,
3,38214962,24.0,9.03,42.0,7.17,,0.0,ACTIVE,,
4,41286638,14.0,13.56,23.0,10.43,,0.0,ACTIVE,,
5,39787308,44.0,5.62,1000.0,5.28,340.0,6.21,ACTIVE,,
6,40733455,4.8,5.67,5.8,7.92,4.8,172.07,ACTIVE,,
7,42324350,14.0,14.71,22.0,8.71,12.5,29.39,ACTIVE,,
0,43653365,7.4,17.62,17.0,7.66,15.0,62.04,ACTIVE,,
1,47017083,1.69,5.86,1.94,7.36,1.86,59.13,ACTIVE,,
2,40762513,20.0,17.76,65.0,12.62,,0.0,ACTIVE,,
3,38214962,24.0,9.57,42.0,7.17,,0.0,ACTIVE,,
4,41286638,14.0,13.56,23.0,10.43,,0.0,ACTIVE,,
5,39787308,44.0,5.62,1000.0,5.28,340.0,6.21,ACTIVE,,
6,40733455,4.8,5.67,5.6,28.58,4.8,172.07,ACTIVE,,
7,42324350,14.0,14.71,22.0,8.71,12.5,29.39,ACTIVE,,
0,43653365,8.4,5.57,17.0,7.66,15.0,62.04,ACTIVE,,
1,47017083,1.69,5.86,1.93,22.0,1.86,59.13,ACTIVE,,
2,40762513,21.0,15.98,65.0,12.62,,0.0,ACTIVE,,
3,38214962,24.0,9.57,42.0,7.17,,0.0,ACTIVE,,
4,41286638,14.0,13.56,23.0,12.17,,0.0,ACTIVE,,
5,39787308,44.0,5.62,1000.0,5.28,340.0,6.21,ACTIVE,,
6,40733455,4.7,6.96,5.6,28.58,4.8,172.07,ACTIVE,,
7,42324350,14.0,14.71,22.0,7.06,12.5,29.39,ACTIVE,,
0,43653365,9.0,5.31,17.0,7.66,15.0,62.04,ACTIVE,,
1,47017083,1.69,5.86,1.92,12.62,1.86,59.13,ACTIVE,,
2,40762513,22.0,9.57,65.0,12.62,,0.0,ACTIVE,,
3,38214962,24.0,9.57,42.0,7.17,,0.0,ACTIVE,,
4,41286638,14.0,13.56,23.0,10.43,,0.0,ACTIVE,,
5,39787308,44.0,5.62,1000.0,5.28,340.0,6.21,ACTIVE,,
6,40733455,4.7,19.99,5.6,28.58,4.8,172.07,ACTIVE,,
7,42324350,14.0,14.71,22.0,7.06,12.5,29.39,ACTIVE,,
0,43653365,8.8,6.18,17.0,7.66,15.0,62.04,ACTIVE,,
1,47017083,1.69,5.86,1.92,12.62,1.86,59.13,ACTIVE,,
2,40762513,24.0,16.87,65.0,12.62,,0.0,ACTIVE,,
3,38214962,24.0,9.57,42.0,7.17,,0.0,ACTIVE,,
4,41286638,14.0,13.56,23.0,10.43,,0.0,ACTIVE,,
5,39787308,44.0,5.62,1000.0,5.28,340.0,6.21,ACTIVE,,
6,40733455,4.7,19.99,5.6,28.58,4.8,172.07,ACTIVE,,
7,42324350,14.0,14.71,20.0,6.18,12.5,29.39,ACTIVE,,
0,43653365,9.6,6.05,12.5,5.22,15.0,62.04,ACTIVE,,
1,47017083,1.67,14.38,1.91,7.36,1.86,59.13,ACTIVE,,
2,40762513,26.0,13.58,65.0,12.62,,0.0,ACTIVE,,
3,38214962,25.0,9.14,42.0,7.17,,0.0,ACTIVE,,
4,41286638,14.5,8.45,23.0,10.43,,0.0,ACTIVE,,
5,39787308,44.0,5.62,1000.0,5.28,340.0,6.21,ACTIVE,,
6,40733455,4.7,23.73,5.6,18.58,5.6,192.08,ACTIVE,,
7,42324350,15.0,11.83,20.0,6.18,12.5,29.39,ACTIVE,,
0,43653365,7.8,5.47,17.0,7.66,15.0,62.04,ACTIVE,,
1,47017083,1.67,5.86,1.9,10.0,1.86,59.13,ACTIVE,,
2,40762513,26.0,13.58,65.0,12.62,,0.0,ACTIVE,,
3,38214962,25.0,9.14,42.0,7.17,,0.0,ACTIVE,,
4,41286638,14.5,8.45,23.0,10.43,,0.0,ACTIVE,,
5,39787308,44.0,5.62,1000.0,5.28,340.0,6.21,ACTIVE,,
6,40733455,4.7,23.73,5.6,13.78,5.6,208.58,ACTIVE,,
7,42324350,15.0,11.83,20.0,6.18,12.5,29.39,ACTIVE,,
0,43653365,8.6,8.71,17.0,9.34,15.0,62.04,ACTIVE,,
1,47017083,1.66,5.6,1.9,10.0,1.86,59.13,ACTIVE,,
2,40762513,26.0,13.58,65.0,12.62,,0.0,ACTIVE,,
3,38214962,25.0,8.6,42.0,7.61,,0.0,ACTIVE,,
4,41286638,15.0,14.03,23.0,12.17,,0.0,ACTIVE,,
5,39787308,44.0,5.62,1000.0,5.28,340.0,6.21,ACTIVE,,
6,40733455,4.9,6.16,5.5,5.45,5.6,208.58,ACTIVE,,
7,42324350,15.0,11.83,20.0,6.18,12.5,29.39,ACTIVE,,
0,43653365,9.0,7.84,17.0,11.39,15.0,62.04,ACTIVE,,
1,47017083,1.67,10.25,1.89,10.0,1.86,59.13,ACTIVE,,
2,40762513,26.0,13.58,65.0,12.62,,0.0,ACTIVE,,
3,38214962,25.0,5.12,42.0,7.61,,0.0,ACTIVE,,
4,41286638,15.5,9.5,23.0,12.17,,0.0,ACTIVE,,
5,39787308,44.0,5.62,1000.0,5.28,340.0,6.21,ACTIVE,,
6,40733455,4.9,6.33,5.5,5.45,5.6,208.58,ACTIVE,,
7,42324350,15.0,11.83,20.0,6.18,12.5,29.39,ACTIVE,,
0,43653365,8.6,6.12,17.0,11.39,15.0,62.04,ACTIVE,,
1,47017083,1.67,5.86,1.89,17.12,1.86,59.13,ACTIVE,,
2,40762513,26.0,13.58,65.0,12.62,,0.0,ACTIVE,,
3,38214962,25.0,5.12,42.0,7.61,,0.0,ACTIVE,,
4,41286638,15.5,9.5,23.0,12.17,,0.0,ACTIVE,,
5,39787308,44.0,5.62,1000.0,5.28,340.0,6.21,ACTIVE,,
6,40733455,4.8,23.01,5.5,5.45,5.6,208.58,ACTIVE,,
7,42324350,15.0,11.83,21.0,6.18,12.5,29.39,ACTIVE,,
0,43653365,9.6,5.8,17.0,11.39,15.0,62.04,ACTIVE,,
1,47017083,1.66,5.6,1.89,17.12,1.86,59.13,ACTIVE,,
2,40762513,26.0,13.58,65.0,12.62,,0.0,ACTIVE,,
3,38214962,25.0,5.12,42.0,7.61,,0.0,ACTIVE,,
4,41286638,15.5,9.5,23.0,12.17,,0.0,ACTIVE,,
5,39787308,44.0,5.62,1000.0,5.28,340.0,6.21,ACTIVE,,
6,40733455,4.8,23.01,5.5,5.45,5.6,208.58,ACTIVE,,
7,42324350,15.0,11.83,21.0,6.18,12.5,29.39,ACTIVE,,
0,43653365,10.0,5.56,17.0,11.32,15.0,62.04,ACTIVE,,
1,47017083,1.66,5.6,1.88,7.36,1.81,59.87,ACTIVE,,
2,40762513,27.0,13.94,65.0,12.62,,0.0,ACTIVE,,
3,38214962,25.0,8.6,42.0,7.61,,0.0,ACTIVE,,
4,41286638,15.5,9.5,23.0,12.17,,0.0,ACTIVE,,
5,39787308,44.0,5.62,1000.0,5.28,340.0,6.21,ACTIVE,,
6,40733455,4.8,23.01,5.5,5.45,5.6,208.58,ACTIVE,,
7,42324350,15.0,11.83,21.0,6.18,12.5,29.39,ACTIVE,,
0,43653365,10.5,11.74,17.0,9.34,15.0,62.04,ACTIVE,,
1,47017083,1.66,5.6,1.88,12.58,1.81,59.87,ACTIVE,,
2,40762513,29.0,7.25,65.0,12.62,,0.0,ACTIVE,,
3,38214962,25.0,8.6,42.0,7.61,,0.0,ACTIVE,,
4,41286638,15.5,9.5,23.0,12.17,,0.0,ACTIVE,,
5,39787308,38.0,6.34,1000.0,5.28,340.0,6.21,ACTIVE,,
6,40733455,4.9,10.65,5.5,5.45,5.6,208.58,ACTIVE,,
7,42324350,15.0,11.83,21.0,6.18,12.5,29.39,ACTIVE,,
0,43653365,10.5,11.74,18.5,6.23,15.0,62.04,ACTIVE,,
1,47017083,1.66,5.6,1.87,7.36,1.81,59.87,ACTIVE,,
2,40762513,29.0,10.73,65.0,12.62,,0.0,ACTIVE,,
3,38214962,25.0,8.6,42.0,7.61,,0.0,ACTIVE,,
4,41286638,15.5,9.5,23.0,12.17,,0.0,ACTIVE,,
5,39787308,38.0,6.64,1000.0,5.94,340.0,6.21,ACTIVE,,
6,40733455,4.9,10.65,5.5,5.45,5.6,208.58,ACTIVE,,
7,42324350,15.0,11.83,21.0,6.18,12.5,29.39,ACTIVE,,
0,43653365,10.5,11.74,17.5,6.63,15.0,62.04,ACTIVE,,
1,47017083,1.66,5.6,1.87,7.36,1.81,59.87,ACTIVE,,
2,40762513,30.0,6.46,65.0,7.56,46.0,0.11,ACTIVE,,
3,38214962,25.0,8.6,42.0,7.61,,0.0,ACTIVE,,
4,41286638,15.5,9.5,23.0,12.17,,0.0,ACTIVE,,
5,39787308,38.0,6.64,1000.0,5.94,340.0,6.21,ACTIVE,,
6,40733455,4.9,8.91,5.6,13.78,5.0,212.58,ACTIVE,,
7,42324350,15.0,11.83,21.0,6.18,12.5,29.39,ACTIVE,,
0,43653365,11.0,5.77,17.0,13.59,15.0,62.04,ACTIVE,,
1,47017083,1.66,5.77,1.87,7.36,1.81,59.87,ACTIVE,,
2,40762513,32.0,8.63,65.0,7.39,46.0,0.46,ACTIVE,,
3,38214962,25.0,8.6,42.0,7.61,,0.0,ACTIVE,,
4,41286638,15.5,9.71,23.0,12.17,,0.0,ACTIVE,,
5,39787308,38.0,6.64,1000.0,8.04,340.0,6.21,ACTIVE,,
6,40733455,4.7,23.26,5.5,5.19,4.9,224.03,ACTIVE,,
7,42324350,15.0,11.83,21.0,6.18,12.5,29.39,ACTIVE,,
0,43653365,10.5,6.21,17.0,15.34,12.0,65.94,ACTIVE,,
1,47017083,1.66,5.77,1.87,7.36,1.81,59.87,ACTIVE,,
2,40762513,32.0,8.63,65.0,7.3,46.0,0.64,ACTIVE,,
3,38214962,25.0,8.6,42.0,7.61,,0.0,ACTIVE,,
4,41286638,15.5,9.71,23.0,12.17,,0.0,ACTIVE,,
5,39787308,38.0,6.64,1000.0,8.76,340.0,6.21,ACTIVE,,
6,40733455,4.7,23.28,5.5,5.19,4.9,224.03,ACTIVE,,
7,42324350,15.0,11.83,21.0,6.18,12.5,29.39,ACTIVE,,
0,43653365,10.5,6.21,13.5,5.22,12.0,65.94,ACTIVE,,
1,47017083,1.68,5.8,1.79,6.96,1.81,59.87,ACTIVE,,
2,40762513,32.0,8.63,65.0,7.18,48.0,0.87,ACTIVE,,
3,38214962,25.0,5.12,42.0,7.61,,0.0,ACTIVE,,
4,41286638,15.5,9.71,23.0,12.17,,0.0,ACTIVE,,
5,39787308,38.0,6.64,1000.0,8.76,340.0,6.21,ACTIVE,,
6,40733455,4.7,19.99,5.5,6.95,4.8,224.23,ACTIVE,,
7,42324350,15.0,11.83,21.0,6.18,12.5,29.39,ACTIVE,,
0,43653365,10.5,5.63,17.0,13.8,12.0,65.94,ACTIVE,,
1,47017083,1.66,5.77,1.87,7.36,1.81,59.87,ACTIVE,,
2,40762513,32.0,8.63,65.0,7.06,48.0,1.11,ACTIVE,,
3,38214962,25.0,5.12,42.0,7.61,,0.0,ACTIVE,,
4,41286638,15.5,9.71,23.0,12.17,,0.0,ACTIVE,,
5,39787308,38.0,6.64,1000.0,8.76,340.0,6.21,ACTIVE,,
6,40733455,4.7,19.99,5.5,6.95,4.8,224.23,ACTIVE,,
7,42324350,15.0,11.83,21.0,6.18,12.5,29.39,ACTIVE,,
0,43653365,10.5,6.21,15.0,5.33,12.0,65.94,ACTIVE,,
1,47017083,1.66,11.47,1.87,7.36,1.81,59.87,ACTIVE,,
2,40762513,32.0,8.63,75.0,10.2,48.0,1.35,ACTIVE,,
3,38214962,25.0,5.12,42.0,7.61,,0.0,ACTIVE,,
4,41286638,15.5,9.71,23.0,12.17,,0.0,ACTIVE,,
5,39787308,38.0,6.64,1000.0,8.76,340.0,6.21,ACTIVE,,
6,40733455,4.7,19.99,5.5,6.95,4.8,224.23,ACTIVE,,
7,42324350,15.0,11.83,21.0,6.18,12.5,29.39,ACTIVE,,
0,43653365,10.5,6.21,15.0,5.33,12.0,65.94,ACTIVE,,
1,47017083,1.76,5.0,1.87,7.36,1.81,59.87,ACTIVE,,
2,40762513,32.0,8.63,75.0,12.31,48.0,1.47,ACTIVE,,
3,38214962,25.0,5.12,42.0,7.61,,0.0,ACTIVE,,
4,41286638,15.5,9.71,23.0,12.17,,0.0,ACTIVE,,
5,39787308,38.0,6.64,1000.0,8.76,340.0,6.21,ACTIVE,,
6,40733455,4.8,28.86,5.5,6.95,4.8,224.23,ACTIVE,,
7,42324350,15.0,11.83,21.0,6.18,12.5,29.39,ACTIVE,,
0,43653365,10.5,6.21,15.0,7.55,12.0,65.94,ACTIVE,,
1,47017083,1.76,5.0,1.87,7.36,1.81,59.87,ACTIVE,,
2,40762513,32.0,8.63,75.0,12.19,48.0,1.7,ACTIVE,,
3,38214962,25.0,5.12,42.0,7.61,,0.0,ACTIVE,,
4,41286638,15.5,9.71,23.0,12.17,,0.0,ACTIVE,,
5,39787308,38.0,6.64,1000.0,8.76,340.0,6.21,ACTIVE,,
6,40733455,4.8,28.86,5.5,6.95,4.8,224.23,ACTIVE,,
7,42324350,15.0,11.83,21.0,6.18,12.5,29.39,ACTIVE,,
0,43653365,10.5,5.63,15.0,7.55,12.0,65.94,ACTIVE,,
1,47017083,1.76,5.0,1.86,7.36,1.81,59.87,ACTIVE,,
2,40762513,32.0,8.63,75.0,12.19,48.0,1.7,ACTIVE,,
3,38214962,25.0,5.12,42.0,7.61,,0.0,ACTIVE,,
4,41286638,15.5,9.71,23.0,12.17,,0.0,ACTIVE,,
5,39787308,38.0,6.64,1000.0,8.76,340.0,6.21,ACTIVE,,
6,40733455,4.7,19.99,5.5,6.95,4.8,224.23,ACTIVE,,
7,42324350,15.0,11.83,20.0,6.18,12.5,29.39,ACTIVE,,
0,43653365,10.5,5.63,15.0,7.55,12.0,65.94,ACTIVE,,
1,47017083,1.78,5.0,1.86,7.36,1.81,59.87,ACTIVE,,
2,40762513,32.0,8.63,75.0,12.19,48.0,1.7,ACTIVE,,
3,38214962,25.0,5.12,42.0,7.61,,0.0,ACTIVE,,
4,41286638,15.5,9.71,23.0,12.17,,0.0,ACTIVE,,
5,39787308,38.0,6.64,1000.0,8.76,340.0,6.21,ACTIVE,,
6,40733455,4.7,19.99,5.5,6.95,4.8,224.23,ACTIVE,,
7,42324350,15.0,11.83,20.0,6.18,12.5,29.39,ACTIVE,,
0,43653365,10.5,6.21,15.0,7.55,12.0,65.94,ACTIVE,,
1,47017083,1.78,5.0,1.86,7.36,1.81,59.87,ACTIVE,,
2,40762513,32.0,8.63,75.0,12.19,48.0,1.7,ACTIVE,,
3,38214962,25.0,5.12,42.0,7.61,,0.0,ACTIVE,,
4,41286638,15.5,9.71,23.0,12.17,,0.0,ACTIVE,,
5,39787308,38.0,6.64,1000.0,8.76,340.0,6.21,ACTIVE,,
6,40733455,4.7,19.99,5.5,6.95,4.8,224.23,ACTIVE,,
7,42324350,15.0,15.31,20.0,6.18,12.5,29.39,ACTIVE,,
0,43653365,10.5,6.21,15.0,7.55,12.0,65.94,ACTIVE,,
1,47017083,1.78,5.0,1.86,157.36,1.81,59.87,ACTIVE,,
2,40762513,32.0,9.05,75.0,12.19,48.0,1.7,ACTIVE,,
3,38214962,25.0,5.12,42.0,7.61,,0.0,ACTIVE,,
4,41286638,15.5,9.71,23.0,12.17,,0.0,ACTIVE,,
5,39787308,38.0,6.64,1000.0,8.76,340.0,6.21,ACTIVE,,
6,40733455,4.7,19.99,5.5,6.95,4.8,224.23,ACTIVE,,
7,42324350,15.0,15.31,20.0,6.18,12.5,29.39,ACTIVE,,
0,43653365,10.5,6.21,15.0,7.55,12.0,65.94,ACTIVE,,
1,47017083,1.78,5.0,1.85,5.22,1.81,59.87,ACTIVE,,
2,40762513,32.0,9.05,75.0,7.19,48.0,1.7,ACTIVE,,
3,38214962,25.0,5.12,42.0,7.61,,0.0,ACTIVE,,
4,41286638,15.5,9.71,23.0,12.17,,0.0,ACTIVE,,
5,39787308,38.0,5.92,1000.0,8.76,340.0,6.21,ACTIVE,,
6,40733455,4.7,24.86,5.5,6.95,4.8,224.23,ACTIVE,,
7,42324350,15.0,15.31,20.0,6.18,12.5,29.39,ACTIVE,,
0,43653365,10.5,5.63,15.0,7.55,12.0,65.94,ACTIVE,,
1,47017083,1.78,5.0,1.84,150.0,1.81,59.87,ACTIVE,,
2,40762513,32.0,9.05,75.0,7.19,48.0,1.7,ACTIVE,,
3,38214962,25.0,5.12,42.0,7.61,,0.0,ACTIVE,,
4,41286638,15.5,9.71,23.0,12.17,,0.0,ACTIVE,,
5,39787308,38.0,5.92,1000.0,8.76,340.0,6.21,ACTIVE,,
6,40733455,4.7,24.86,5.5,6.95,4.8,224.23,ACTIVE,,
7,42324350,15.0,15.31,20.0,6.18,12.5,29.39,ACTIVE,,
0,43653365,10.5,5.63,15.0,7.55,12.0,65.94,ACTIVE,,
1,47017083,1.78,5.0,1.84,150.0,1.81,59.87,ACTIVE,,
2,40762513,32.0,9.05,75.0,7.19,48.0,1.7,ACTIVE,,
3,38214962,25.0,5.12,42.0,7.61,,0.0,ACTIVE,,
4,41286638,15.5,9.71,23.0,12.17,,0.0,ACTIVE,,
5,39787308,38.0,5.92,1000.0,8.76,340.0,6.21,ACTIVE,,
6,40733455,4.7,24.86,5.5,6.95,4.8,224.23,ACTIVE,,
7,42324350,15.0,15.31,20.0,6.18,12.5,29.39,ACTIVE,,
0,43653365,11.5,7.23,13.0,5.22,12.0,65.94,ACTIVE,,
1,47017083,1.78,5.0,1.84,150.0,1.81,59.87,ACTIVE,,
2,40762513,32.0,9.05,75.0,7.19,48.0,1.7,ACTIVE,,
3,38214962,25.0,5.12,42.0,7.61,,0.0,ACTIVE,,
4,41286638,15.5,9.71,23.0,12.17,,0.0,ACTIVE,,
5,39787308,38.0,5.92,1000.0,8.76,340.0,6.21,ACTIVE,,
6,40733455,4.7,24.86,5.5,6.95,4.8,224.23,ACTIVE,,
7,42324350,15.0,15.31,21.0,6.18,12.5,29.39,ACTIVE,,
0,43653365,12.0,5.7,14.5,5.24,12.0,65.94,ACTIVE,,
1,47017083,1.78,5.0,1.84,150.0,1.81,59.87,ACTIVE,,
2,40762513,32.0,9.05,75.0,7.19,48.0,1.7,ACTIVE,,
3,38214962,25.0,5.12,42.0,7.61,,0.0,ACTIVE,,
4,41286638,15.5,9.71,23.0,12.17,,0.0,ACTIVE,,
5,39787308,38.0,5.92,1000.0,8.76,340.0,6.21,ACTIVE,,
6,40733455,4.7,24.86,5.5,6.95,4.8,224.23,ACTIVE,,
7,42324350,15.0,15.31,21.0,6.18,12.5,29.39,ACTIVE,,
0,43653365,11.5,16.17,14.0,5.31,12.0,65.94,ACTIVE,,
1,47017083,1.78,5.0,1.83,155.67,1.81,59.87,ACTIVE,,
2,40762513,32.0,9.05,75.0,7.19,48.0,1.7,ACTIVE,,
3,38214962,25.0,5.12,42.0,7.61,,0.0,ACTIVE,,
4,41286638,15.5,9.71,23.0,12.17,,0.0,ACTIVE,,
5,39787308,38.0,5.92,1000.0,8.76,340.0,6.21,ACTIVE,,
6,40733455,4.7,24.86,5.5,6.95,4.8,224.23,ACTIVE,,
7,42324350,15.0,15.31,21.0,6.18,12.5,29.39,ACTIVE,,
0,43653365,11.5,15.84,13.5,5.22,13.0,66.12,ACTIVE,,
1,47017083,1.78,5.0,1.83,155.67,1.81,59.87,ACTIVE,,
2,40762513,32.0,9.05,75.0,7.19,48.0,1.7,ACTIVE,,
3,38214962,25.0,5.12,42.0,7.61,,0.0,ACTIVE,,
4,41286638,15.5,9.71,23.0,12.17,,0.0,ACTIVE,,
5,39787308,40.0,6.37,1000.0,8.76,340.0,6.21,ACTIVE,,
6,40733455,4.7,24.86,5.5,6.95,4.8,224.23,ACTIVE,,
7,42324350,15.0,15.31,21.0,6.18,12.5,29.39,ACTIVE,,
0,43653365,11.5,15.84,13.5,5.22,13.0,66.12,ACTIVE,,
1,47017083,1.78,5.0,1.8,155.0,1.81,59.87,ACTIVE,,
2,40762513,32.0,8.63,75.0,6.76,48.0,1.7,ACTIVE,,
3,38214962,25.0,8.04,42.0,10.53,,0.0,ACTIVE,,
4,41286638,15.5,9.92,23.0,11.73,,0.0,ACTIVE,,
5,39787308,40.0,5.64,1000.0,8.76,340.0,6.21,ACTIVE,,
6,40733455,4.7,24.86,5.5,5.21,4.8,224.23,ACTIVE,,
7,42324350,15.0,15.31,21.0,5.45,12.5,29.39,ACTIVE,,
0,43653365,12.0,8.88,13.5,5.22,13.0,66.12,ACTIVE,,
1,47017083,1.68,40.98,1.8,150.23,1.78,69.86,ACTIVE,,
2,40762513,32.0,13.82,80.0,11.08,48.0,4.78,ACTIVE,,
3,38214962,25.0,8.04,42.0,10.53,,0.0,ACTIVE,,
4,41286638,16.0,9.21,23.0,11.73,,0.0,ACTIVE,,
5,39787308,40.0,9.0,1000.0,9.77,340.0,6.21,ACTIVE,,
6,40733455,4.7,24.86,5.4,5.17,4.8,224.23,ACTIVE,,
7,42324350,15.0,16.27,22.0,7.17,12.5,29.39,ACTIVE,,
0,43653365,11.5,20.26,16.5,11.26,13.5,76.57,ACTIVE,,
1,47017083,1.69,8.49,1.79,9.18,1.78,69.86,ACTIVE,,
2,40762513,32.0,13.82,80.0,11.08,48.0,4.78,ACTIVE,,
3,38214962,25.0,8.04,42.0,10.53,,0.0,ACTIVE,,
4,41286638,16.0,9.21,23.0,9.99,,0.0,ACTIVE,,
5,39787308,40.0,9.0,1000.0,9.77,340.0,6.21,ACTIVE,,
6,40733455,4.7,24.86,5.3,8.43,4.8,224.23,ACTIVE,,
7,42324350,15.0,16.27,22.0,7.17,12.5,29.39,ACTIVE,,
0,43653365,13.0,9.48,17.0,8.63,14.5,77.02,ACTIVE,,
1,47017083,1.67,5.61,1.79,11.48,1.7,111.64,ACTIVE,,
2,40762513,34.0,5.67,80.0,11.08,48.0,4.78,ACTIVE,,
3,38214962,26.0,9.13,42.0,10.53,,0.0,ACTIVE,,
4,41286638,16.0,13.84,23.0,9.99,,0.0,ACTIVE,,
5,39787308,40.0,9.0,1000.0,9.77,340.0,6.21,ACTIVE,,
6,40733455,4.7,24.86,5.4,5.17,4.8,224.23,ACTIVE,,
7,42324350,15.0,16.27,22.0,5.43,12.5,29.39,ACTIVE,,
0,43653365,13.5,20.58,17.0,8.63,14.5,77.02,ACTIVE,,
1,47017083,1.65,5.61,1.78,7.74,1.7,111.64,ACTIVE,,
2,40762513,36.0,10.96,70.0,9.56,48.0,4.78,ACTIVE,,
3,38214962,24.0,7.79,42.0,10.53,,0.0,ACTIVE,,
4,41286638,16.0,13.84,23.0,9.99,,0.0,ACTIVE,,
5,39787308,40.0,9.0,1000.0,9.77,340.0,6.21,ACTIVE,,
6,40733455,4.7,24.86,5.4,5.17,4.8,224.23,ACTIVE,,
7,42324350,15.0,16.27,22.0,5.43,12.5,29.39,ACTIVE,,
0,43653365,13.5,26.34,17.0,8.63,14.5,77.02,ACTIVE,,
1,47017083,1.67,11.99,1.79,7.3,1.67,131.14,ACTIVE,,
2,40762513,40.0,8.75,60.0,5.67,48.0,4.78,ACTIVE,,
3,38214962,24.0,7.79,42.0,30.53,,0.0,ACTIVE,,
4,41286638,16.0,13.84,23.0,29.99,,0.0,ACTIVE,,
5,39787308,48.0,7.48,1000.0,9.77,340.0,6.21,ACTIVE,,
6,40733455,4.7,24.86,5.3,8.43,4.8,224.23,ACTIVE,,
7,42324350,15.0,16.27,22.0,5.43,12.5,29.39,ACTIVE,,
0,43653365,14.0,12.4,17.0,6.89,14.5,77.02,ACTIVE,,
1,47017083,1.67,11.99,1.79,12.31,1.67,131.14,ACTIVE,,
2,40762513,40.0,5.26,80.0,11.03,50.0,6.22,ACTIVE,,
3,38214962,24.0,7.79,42.0,27.17,,0.0,ACTIVE,,
4,41286638,16.0,13.84,23.0,29.99,,0.0,ACTIVE,,
5,39787308,46.0,24.32,1000.0,9.77,340.0,6.21,ACTIVE,,
6,40733455,4.8,20.0,5.4,5.17,4.8,224.23,ACTIVE,,
7,42324350,15.0,18.34,20.0,14.47,20.0,51.89,ACTIVE,,
0,43653365,14.0,32.63,17.0,6.89,14.5,77.02,ACTIVE,,
1,47017083,1.67,9.49,1.77,8.42,1.67,146.14,ACTIVE,,
2,40762513,42.0,20.34,80.0,13.43,50.0,6.22,ACTIVE,,
3,38214962,24.0,7.79,42.0,37.9,,0.0,ACTIVE,,
4,41286638,16.0,13.84,23.0,29.99,,0.0,ACTIVE,,
5,39787308,48.0,9.23,1000.0,9.77,340.0,6.21,ACTIVE,,
6,40733455,4.8,20.0,5.3,24.32,4.8,224.23,ACTIVE,,
7,42324350,16.0,7.91,20.0,7.97,20.0,64.89,ACTIVE,,
0,43653365,14.0,33.21,17.0,6.89,14.5,77.02,ACTIVE,,
1,47017083,1.66,13.36,1.78,12.29,1.67,146.14,ACTIVE,,
2,40762513,42.0,25.6,80.0,6.03,50.0,6.22,ACTIVE,,
3,38214962,24.0,7.79,38.0,11.12,,0.0,ACTIVE,,
4,41286638,16.0,13.84,23.0,29.99,,0.0,ACTIVE,,
5,39787308,60.0,8.71,1000.0,9.77,340.0,6.21,ACTIVE,,
6,40733455,4.8,20.02,5.3,13.57,5.3,245.74,ACTIVE,,
7,42324350,16.5,7.95,20.0,7.97,20.0,64.89,ACTIVE,,
0,43653365,14.0,13.21,17.0,8.65,14.5,77.02,ACTIVE,,
1,47017083,1.64,30.43,1.78,12.29,1.67,253.53,ACTIVE,,
2,40762513,42.0,25.6,80.0,6.03,50.0,6.22,ACTIVE,,
3,38214962,24.0,7.79,40.0,28.34,,0.0,ACTIVE,,
4,41286638,16.0,13.84,23.0,29.99,,0.0,ACTIVE,,
5,39787308,60.0,9.28,1000.0,9.77,340.0,6.21,ACTIVE,,
6,40733455,4.8,20.02,5.3,13.57,5.2,247.62,ACTIVE,,
7,42324350,16.5,9.24,20.0,7.97,20.0,64.89,ACTIVE,,
0,43653365,14.5,28.27,17.0,6.89,14.5,77.02,ACTIVE,,
1,47017083,1.65,9.95,1.76,8.87,1.67,253.53,ACTIVE,,
2,40762513,44.0,24.14,80.0,6.03,50.0,6.22,ACTIVE,,
3,38214962,24.0,7.79,36.0,28.34,,0.0,ACTIVE,,
4,41286638,16.0,13.84,23.0,29.99,,0.0,ACTIVE,,
5,39787308,70.0,7.4,1000.0,9.77,340.0,6.21,ACTIVE,,
6,40733455,4.8,20.02,5.3,13.57,5.2,247.62,ACTIVE,,
7,42324350,16.5,9.24,20.0,7.97,20.0,64.89,ACTIVE,,
0,43653365,14.5,27.69,17.0,8.65,14.5,77.02,ACTIVE,,
1,47017083,1.67,42.66,1.77,12.29,1.67,253.53,ACTIVE,,
2,40762513,46.0,7.94,80.0,6.03,50.0,6.22,ACTIVE,,
3,38214962,24.0,7.07,36.0,28.34,27.0,1.41,ACTIVE,,
4,41286638,16.0,13.84,23.0,29.99,,0.0,ACTIVE,,
5,39787308,70.0,11.27,1000.0,9.77,340.0,6.21,ACTIVE,,
6,40733455,4.9,5.09,5.3,13.57,5.2,247.62,ACTIVE,,
7,42324350,16.5,9.24,20.0,7.97,20.0,64.89,ACTIVE,,
0,43653365,15.0,9.58,17.0,8.65,14.5,77.02,ACTIVE,,
1,47017083,1.68,12.68,1.76,8.87,1.67,253.53,ACTIVE,,
2,40762513,46.0,27.61,80.0,6.08,50.0,7.55,ACTIVE,,
3,38214962,24.0,8.71,36.0,28.71,27.0,7.81,ACTIVE,,
4,41286638,16.0,13.84,22.0,25.22,,0.0,ACTIVE,,
5,39787308,85.0,8.78,1000.0,9.77,340.0,6.21,ACTIVE,,
6,40733455,4.9,5.09,5.3,13.57,5.2,247.62,ACTIVE,,
7,42324350,16.5,11.55,20.0,7.97,20.0,64.89,ACTIVE,,
0,43653365,15.0,11.34,19.0,5.41,17.0,94.32,ACTIVE,,
1,47017083,1.69,6.27,1.78,12.29,1.76,323.17,ACTIVE,,
2,40762513,48.0,8.96,80.0,6.08,50.0,7.55,ACTIVE,,
3,38214962,24.0,8.71,36.0,27.71,29.0,9.81,ACTIVE,,
4,41286638,16.0,13.84,22.0,25.22,,0.0,ACTIVE,,
5,39787308,90.0,5.16,840.0,5.09,340.0,6.21,ACTIVE,,
6,40733455,4.9,5.09,5.3,13.57,5.2,247.62,ACTIVE,,
7,42324350,16.5,11.55,20.0,7.97,20.0,64.89,ACTIVE,,
0,43653365,16.5,6.82,19.5,17.31,17.0,94.32,ACTIVE,,
1,47017083,1.65,7.86,1.77,7.29,1.68,382.88,ACTIVE,,
2,40762513,48.0,27.67,80.0,6.08,50.0,7.55,ACTIVE,,
3,38214962,24.0,6.4,34.0,21.74,29.0,9.81,ACTIVE,,
4,41286638,16.0,12.52,22.0,25.22,,0.0,ACTIVE,,
5,39787308,85.0,7.94,840.0,5.09,340.0,6.21,ACTIVE,,
6,40733455,4.9,5.09,5.3,7.57,5.3,259.62,ACTIVE,,
7,42324350,16.5,9.24,20.0,7.97,20.0,64.89,ACTIVE,,
0,43653365,16.0,22.0,19.5,13.83,17.0,94.32,ACTIVE,,
1,47017083,1.68,7.66,1.77,7.29,1.68,382.88,ACTIVE,,
2,40762513,50.0,8.44,70.0,7.1,50.0,37.54,ACTIVE,,
3,38214962,21.0,8.0,34.0,45.1,29.0,9.81,ACTIVE,,
4,41286638,16.0,12.52,21.0,46.98,,0.0,ACTIVE,,
5,39787308,100.0,42.62,840.0,5.04,180.0,6.3,ACTIVE,,
6,40733455,4.9,5.09,5.7,7.79,5.3,259.62,ACTIVE,,
7,42324350,16.5,5.92,20.0,27.97,20.0,64.89,ACTIVE,,
0,43653365,17.0,26.89,21.0,7.01,17.0,94.32,ACTIVE,,
1,47017083,1.68,7.66,1.76,8.87,1.68,382.88,ACTIVE,,
2,40762513,50.0,8.44,70.0,7.1,50.0,37.54,ACTIVE,,
3,38214962,23.0,7.16,34.0,45.1,25.0,10.05,ACTIVE,,
4,41286638,16.0,8.65,21.0,46.98,,0.0,ACTIVE,,
5,39787308,100.0,41.18,840.0,5.53,180.0,6.64,ACTIVE,,
6,40733455,4.9,5.09,5.7,12.79,5.3,259.62,ACTIVE,,
7,42324350,16.5,5.92,20.0,27.97,20.0,64.89,ACTIVE,,
0,43653365,17.5,29.86,22.0,5.11,17.0,94.32,ACTIVE,,
1,47017083,1.68,27.66,1.76,8.87,1.68,382.88,ACTIVE,,
2,40762513,50.0,28.44,80.0,7.62,50.0,37.54,ACTIVE,,
3,38214962,23.0,6.56,34.0,45.1,25.0,11.23,ACTIVE,,
4,41286638,16.0,8.65,21.0,46.98,,0.0,ACTIVE,,
5,39787308,120.0,41.29,840.0,5.53,180.0,6.64,ACTIVE,,
6,40733455,4.9,5.09,5.7,12.79,5.3,259.62,ACTIVE,,
7,42324350,16.5,9.24,20.0,27.97,20.0,64.89,ACTIVE,,
0,43653365,18.5,20.18,22.0,9.1,19.0,108.18,ACTIVE,,
1,47017083,1.67,8.87,1.76,18.87,1.68,422.88,ACTIVE,,
2,40762513,50.0,33.44,80.0,7.62,50.0,37.54,ACTIVE,,
3,38214962,25.0,8.29,34.0,50.1,25.0,13.14,ACTIVE,,
4,41286638,18.0,7.52,21.0,50.24,,0.0,ACTIVE,,
5,39787308,120.0,43.41,840.0,5.5,180.0,6.7,ACTIVE,,
6,40733455,4.9,10.07,5.6,6.05,5.3,259.62,ACTIVE,,
7,42324350,16.5,9.24,20.0,35.74,18.0,67.16,ACTIVE,,
0,43653365,18.5,39.16,22.0,17.82,18.5,119.52,ACTIVE,,
1,47017083,1.67,8.87,1.76,18.87,1.68,422.88,ACTIVE,,
2,40762513,55.0,22.98,80.0,7.62,50.0,37.54,ACTIVE,,
3,38214962,25.0,7.81,34.0,50.1,25.0,14.09,ACTIVE,,
4,41286638,15.0,11.44,20.0,5.88,,0.0,ACTIVE,,
5,39787308,140.0,43.78,970.0,7.59,190.0,9.64,ACTIVE,,
6,40733455,4.9,10.07,5.6,6.05,5.3,259.62,ACTIVE,,
7,42324350,16.5,9.24,19.5,6.73,18.0,69.56,ACTIVE,,
0,43653365,18.5,39.16,22.0,17.82,18.5,119.52,ACTIVE,,
1,47017083,1.65,5.61,1.75,16.74,1.67,458.44,ACTIVE,,
2,40762513,55.0,27.98,80.0,7.62,50.0,37.54,ACTIVE,,
3,38214962,25.0,7.33,34.0,50.1,25.0,15.03,ACTIVE,,
4,41286638,16.0,5.76,20.0,11.98,,0.0,ACTIVE,,
5,39787308,150.0,7.51,970.0,7.59,190.0,9.64,ACTIVE,,
6,40733455,4.9,10.07,5.3,7.57,5.3,259.62,ACTIVE,,
7,42324350,16.5,8.28,18.0,25.0,18.0,69.56,ACTIVE,,
0,43653365,19.0,8.85,22.0,14.34,18.5,119.88,ACTIVE,,
1,47017083,1.65,6.48,1.75,12.45,1.74,458.75,ACTIVE,,
2,40762513,55.0,27.98,80.0,7.62,50.0,37.54,ACTIVE,,
3,38214962,25.0,7.33,34.0,49.14,25.0,15.03,ACTIVE,,
4,41286638,17.5,7.72,20.0,46.74,,0.0,ACTIVE,,
5,39787308,150.0,7.51,970.0,7.59,190.0,9.64,ACTIVE,,
6,40733455,4.9,10.07,5.3,7.57,5.3,259.62,ACTIVE,,
7,42324350,16.5,6.8,18.0,25.0,17.0,72.52,ACTIVE,,
0,43653365,19.0,10.64,22.0,9.43,22.0,121.14,ACTIVE,,
1,47017083,1.65,7.0,1.75,14.96,1.71,712.43,ACTIVE,,
2,40762513,55.0,27.98,80.0,7.22,70.0,37.94,ACTIVE,,
3,38214962,25.0,7.33,32.0,45.01,32.0,15.9,ACTIVE,,
4,41286638,16.0,9.08,20.0,50.24,20.0,1.39,ACTIVE,,
5,39787308,150.0,22.29,970.0,7.49,290.0,23.74,ACTIVE,,
6,40733455,4.9,10.07,5.6,6.43,5.4,279.89,ACTIVE,,
7,42324350,16.5,6.78,18.0,12.96,16.5,95.09,ACTIVE,,
0,43653365,19.5,6.42,22.0,9.93,19.5,121.16,ACTIVE,,
1,47017083,1.67,7.0,1.75,13.38,1.71,712.43,ACTIVE,,
2,40762513,55.0,27.98,80.0,7.22,70.0,37.94,ACTIVE,,
3,38214962,25.0,7.33,32.0,50.01,32.0,15.9,ACTIVE,,
4,41286638,18.5,5.68,19.5,25.0,20.0,1.39,ACTIVE,,
5,39787308,150.0,22.29,970.0,7.49,290.0,23.74,ACTIVE,,
6,40733455,4.9,10.07,5.7,5.22,5.4,279.89,ACTIVE,,
7,42324350,16.5,6.77,18.0,12.96,16.5,95.12,ACTIVE,,
0,43653365,19.5,6.42,22.0,9.43,19.5,121.16,ACTIVE,,
1,47017083,1.67,5.5,1.75,13.34,1.68,726.82,ACTIVE,,
2,40762513,55.0,27.98,80.0,7.08,70.0,37.94,ACTIVE,,
3,38214962,21.0,20.71,25.0,13.33,25.0,30.56,ACTIVE,,
4,41286638,17.5,6.28,19.5,46.74,18.5,6.54,ACTIVE,,
5,39787308,150.0,20.92,590.0,5.92,290.0,23.74,ACTIVE,,
6,40733455,4.9,10.93,5.7,8.17,5.4,279.89,ACTIVE,,
7,42324350,16.5,6.77,18.0,12.96,16.5,95.12,ACTIVE,,
0,43653365,19.5,11.64,22.0,9.43,19.5,121.16,ACTIVE,,
1,47017083,1.67,19.2,1.75,13.34,1.68,726.82,ACTIVE,,
2,40762513,55.0,27.18,80.0,7.08,70.0,37.94,ACTIVE,,
3,38214962,21.0,43.55,25.0,14.06,25.0,30.56,ACTIVE,,
4,41286638,15.0,7.31,19.0,37.74,19.0,37.11,ACTIVE,,
5,39787308,150.0,21.35,590.0,5.92,290.0,23.74,ACTIVE,,
6,40733455,4.9,10.93,5.7,8.17,5.4,279.89,ACTIVE,,
7,42324350,16.5,6.77,18.0,12.96,16.5,95.12,ACTIVE,,
0,43653365,19.5,11.62,22.0,11.17,19.5,121.2,ACTIVE,,
1,47017083,1.67,6.42,1.75,13.34,1.67,738.82,ACTIVE,,
2,40762513,55.0,27.18,80.0,7.08,70.0,37.94,ACTIVE,,
3,38214962,22.0,44.41,25.0,13.33,25.0,30.56,ACTIVE,,
4,41286638,15.5,13.09,19.0,20.99,19.0,70.61,ACTIVE,,
5,39787308,150.0,21.35,590.0,5.92,290.0,23.74,ACTIVE,,
6,40733455,4.9,10.93,5.4,6.43,5.4,279.89,ACTIVE,,
7,42324350,16.5,6.77,18.0,12.96,16.5,95.12,ACTIVE,,
0,43653365,19.5,13.71,22.0,9.43,19.5,121.2,ACTIVE,,
1,47017083,1.67,20.07,1.75,13.34,1.67,738.82,ACTIVE,,
2,40762513,55.0,22.18,80.0,7.08,55.0,47.94,ACTIVE,,
3,38214962,23.0,26.0,32.0,53.45,24.0,55.94,ACTIVE,,
4,41286638,16.5,5.96,19.0,20.99,19.0,70.61,ACTIVE,,
5,39787308,150.0,21.35,590.0,5.92,290.0,23.74,ACTIVE,,
6,40733455,4.9,10.03,5.2,8.17,4.9,279.95,ACTIVE,,
7,42324350,16.5,6.77,18.0,12.96,16.5,95.12,ACTIVE,,
0,43653365,19.5,18.71,25.0,11.14,19.5,121.2,ACTIVE,,
1,47017083,1.67,11.07,1.75,16.41,1.71,758.94,ACTIVE,,
2,40762513,55.0,27.18,80.0,7.08,55.0,47.94,ACTIVE,,
3,38214962,25.0,8.48,30.0,7.67,24.0,55.94,ACTIVE,,
4,41286638,16.5,9.3,19.0,20.99,19.0,70.61,ACTIVE,,
5,39787308,150.0,26.14,600.0,5.95,290.0,23.74,ACTIVE,,
6,40733455,4.9,5.0,5.2,13.17,4.9,279.95,ACTIVE,,
7,42324350,16.5,11.77,18.0,12.96,16.5,95.12,ACTIVE,,
0,43653365,20.0,13.27,25.0,7.73,21.0,122.59,ACTIVE,,
1,47017083,1.64,11.01,1.74,12.56,1.65,760.84,ACTIVE,,
2,40762513,55.0,27.18,80.0,7.08,55.0,47.94,ACTIVE,,
3,38214962,24.0,6.28,30.0,9.41,24.0,55.94,ACTIVE,,
4,41286638,18.0,5.16,19.0,20.99,19.0,70.61,ACTIVE,,
5,39787308,150.0,26.33,600.0,6.67,290.0,23.74,ACTIVE,,
6,40733455,5.1,5.22,5.8,8.32,5.4,280.41,ACTIVE,,
7,42324350,16.5,11.77,18.0,12.96,16.5,95.12,ACTIVE,,
0,43653365,20.0,9.2,24.0,24.23,21.0,174.0,ACTIVE,,
1,47017083,1.61,49.26,1.75,17.89,1.63,783.86,ACTIVE,,
2,40762513,55.0,27.18,80.0,7.08,55.0,47.94,ACTIVE,,
3,38214962,25.0,16.54,30.0,9.41,24.0,55.94,ACTIVE,,
4,41286638,16.5,7.41,19.0,20.99,19.0,70.61,ACTIVE,,
5,39787308,150.0,26.33,600.0,6.67,290.0,23.74,ACTIVE,,
6,40733455,4.9,5.0,5.8,11.09,5.3,284.55,ACTIVE,,
7,42324350,16.5,11.77,18.0,12.96,16.5,95.12,ACTIVE,,
0,43653365,18.5,41.74,23.0,5.2,20.0,183.62,ACTIVE,,
1,47017083,1.62,27.01,1.74,12.63,1.64,787.34,ACTIVE,,
2,40762513,55.0,27.18,80.0,7.08,55.0,47.94,ACTIVE,,
3,38214962,25.0,11.61,30.0,14.64,24.0,55.94,ACTIVE,,
4,41286638,16.5,10.9,19.0,19.3,19.0,73.99,ACTIVE,,
5,39787308,150.0,26.14,600.0,7.75,290.0,23.74,ACTIVE,,
6,40733455,4.9,15.43,5.7,10.73,4.9,285.08,ACTIVE,,
7,42324350,16.5,11.77,18.0,12.96,16.5,95.12,ACTIVE,,
0,43653365,19.0,37.29,24.0,31.97,20.0,183.62,ACTIVE,,
1,47017083,1.63,5.87,1.71,7.89,1.64,787.34,ACTIVE,,
2,40762513,55.0,27.18,80.0,7.08,55.0,47.94,ACTIVE,,
3,38214962,25.0,11.61,30.0,14.64,24.0,55.94,ACTIVE,,
4,41286638,16.5,10.9,19.0,19.3,19.0,73.99,ACTIVE,,
5,39787308,150.0,26.33,600.0,8.47,290.0,23.74,ACTIVE,,
6,40733455,4.9,15.43,5.6,17.79,4.9,285.08,ACTIVE,,
7,42324350,16.5,11.77,18.0,12.96,16.5,95.12,ACTIVE,,
0,43653365,19.5,12.71,24.0,31.1,20.0,183.62,ACTIVE,,
1,47017083,1.65,8.7,1.71,14.92,1.64,787.34,ACTIVE,,
2,40762513,55.0,27.18,80.0,7.08,55.0,47.94,ACTIVE,,
3,38214962,25.0,11.61,30.0,14.64,24.0,55.94,ACTIVE,,
4,41286638,16.5,5.9,19.0,19.3,19.0,73.99,ACTIVE,,
5,39787308,150.0,26.33,600.0,8.47,290.0,23.74,ACTIVE,,
6,40733455,4.9,16.64,5.6,17.79,4.9,285.08,ACTIVE,,
7,42324350,17.0,18.48,18.0,12.96,16.5,95.12,ACTIVE,,
0,43653365,19.5,12.71,24.0,31.1,20.0,183.62,ACTIVE,,
1,47017083,1.65,5.5,1.68,12.35,1.64,787.34,ACTIVE,,
2,40762513,55.0,27.18,80.0,7.08,55.0,47.94,ACTIVE,,
3,38214962,25.0,12.78,30.0,14.64,24.0,55.94,ACTIVE,,
4,41286638,16.5,10.9,18.5,5.22,19.0,73.99,ACTIVE,,
5,39787308,150.0,26.49,600.0,8.47,290.0,23.74,ACTIVE,,
6,40733455,4.9,19.54,5.5,10.84,5.4,285.54,ACTIVE,,
7,42324350,15.0,31.23,18.0,15.17,17.0,132.09,ACTIVE,,
0,43653365,20.0,9.23,24.0,31.1,20.0,183.62,ACTIVE,,
1,47017083,1.65,5.66,1.69,7.52,1.67,800.7,ACTIVE,,
2,40762513,55.0,27.18,80.0,7.08,55.0,47.94,ACTIVE,,
3,38214962,25.0,12.78,30.0,14.97,24.0,55.94,ACTIVE,,
4,41286638,16.5,5.9,18.5,5.22,19.0,73.99,ACTIVE,,
5,39787308,150.0,26.49,600.0,8.47,290.0,23.74,ACTIVE,,
6,40733455,5.0,11.77,5.5,7.26,5.5,301.02,ACTIVE,,
7,42324350,16.0,11.43,18.0,7.21,17.0,144.19,ACTIVE,,
0,43653365,20.0,15.28,24.0,31.1,20.0,183.62,ACTIVE,,
1,47017083,1.62,6.7,1.69,11.0,1.67,828.61,ACTIVE,,
2,40762513,55.0,27.18,80.0,7.08,55.0,47.94,ACTIVE,,
3,38214962,26.0,9.02,30.0,34.98,24.0,55.94,ACTIVE,,
4,41286638,16.5,5.9,19.0,19.3,19.0,73.99,ACTIVE,,
5,39787308,150.0,26.49,590.0,5.72,290.0,23.74,ACTIVE,,
6,40733455,5.1,10.83,5.8,11.19,5.7,316.02,ACTIVE,,
7,42324350,16.0,16.43,18.0,7.21,17.0,144.19,ACTIVE,,
0,43653365,20.0,9.24,24.0,31.1,20.0,183.62,ACTIVE,,
1,47017083,1.63,11.53,1.68,7.22,1.61,859.63,ACTIVE,,
2,40762513,55.0,27.19,85.0,13.66,55.0,47.94,ACTIVE,,
3,38214962,25.0,12.32,30.0,29.08,24.0,55.94,ACTIVE,,
4,41286638,16.5,9.07,19.0,19.3,16.5,78.3,ACTIVE,,
5,39787308,150.0,26.5,600.0,8.47,290.0,23.74,ACTIVE,,
6,40733455,5.0,5.05,5.5,17.7,5.7,316.79,ACTIVE,,
7,42324350,16.0,16.44,18.0,7.21,17.0,144.19,ACTIVE,,
0,43653365,21.0,7.88,24.0,33.03,23.0,186.21,ACTIVE,,
1,47017083,1.64,14.2,1.68,20.09,1.63,957.68,ACTIVE,,
2,40762513,60.0,9.23,80.0,8.16,70.0,48.79,ACTIVE,,
3,38214962,26.0,8.09,29.0,12.7,29.0,58.72,ACTIVE,,
4,41286638,17.0,8.95,19.0,22.78,17.0,85.54,ACTIVE,,
5,39787308,160.0,8.8,580.0,5.38,340.0,23.92,ACTIVE,,
6,40733455,5.0,9.31,5.6,9.62,5.5,328.11,ACTIVE,,
7,42324350,17.0,9.0,20.0,14.97,17.0,156.32,ACTIVE,,
0,43653365,20.0,16.2,24.0,33.03,23.0,186.21,ACTIVE,,
1,47017083,1.64,21.19,1.68,14.8,1.65,1014.31,ACTIVE,,
2,40762513,60.0,14.24,85.0,12.81,70.0,48.79,ACTIVE,,
3,38214962,26.0,8.09,29.0,12.7,29.0,58.72,ACTIVE,,
4,41286638,16.5,13.44,18.5,5.22,17.0,85.54,ACTIVE,,
5,39787308,160.0,8.81,600.0,8.29,340.0,23.92,ACTIVE,,
6,40733455,5.1,13.08,5.8,27.74,5.5,328.11,ACTIVE,,
7,42324350,16.5,14.62,20.0,12.66,17.0,156.32,ACTIVE,,
0,43653365,20.0,11.29,23.0,7.9,21.0,187.25,ACTIVE,,
1,47017083,1.64,11.68,1.68,5.38,1.67,1043.35,ACTIVE,,
2,40762513,60.0,14.24,80.0,6.67,70.0,48.79,ACTIVE,,
3,38214962,26.0,6.97,29.0,12.7,29.0,58.72,ACTIVE,,
4,41286638,16.5,8.44,18.5,5.22,17.0,85.54,ACTIVE,,
5,39787308,150.0,26.88,600.0,6.67,340.0,23.92,ACTIVE,,
6,40733455,5.1,12.85,5.6,15.39,5.3,328.57,ACTIVE,,
7,42324350,16.5,9.62,20.0,11.14,17.0,156.32,ACTIVE,,
0,43653365,19.5,10.88,23.0,8.86,21.0,193.2,ACTIVE,,
1,47017083,1.65,10.24,1.67,9.09,1.64,1059.09,ACTIVE,,
2,40762513,65.0,5.0,80.0,6.67,70.0,48.79,ACTIVE,,
3,38214962,26.0,6.97,29.0,12.7,29.0,58.72,ACTIVE,,
4,41286638,16.5,13.44,18.5,5.22,17.0,85.54,ACTIVE,,
5,39787308,150.0,26.88,600.0,6.67,340.0,23.92,ACTIVE,,
6,40733455,5.1,17.67,5.6,9.71,5.1,328.6,ACTIVE,,
7,42324350,16.5,14.62,20.0,9.94,17.0,156.32,ACTIVE,,
0,43653365,20.0,12.73,24.0,28.79,21.0,193.2,ACTIVE,,
1,47017083,1.65,21.85,1.69,13.82,1.67,1077.62,ACTIVE,,
2,40762513,60.0,8.54,80.0,6.67,65.0,70.19,ACTIVE,,
3,38214962,26.0,6.97,29.0,12.7,29.0,58.72,ACTIVE,,
4,41286638,17.0,8.95,18.5,5.22,17.0,85.54,ACTIVE,,
5,39787308,150.0,26.88,600.0,6.67,340.0,23.92,ACTIVE,,
6,40733455,5.0,7.87,5.6,27.62,5.1,328.6,ACTIVE,,
7,42324350,17.0,9.03,19.5,9.75,17.0,156.32,ACTIVE,,
0,43653365,20.0,12.73,24.0,28.79,21.0,193.2,ACTIVE,,
1,47017083,1.65,16.45,1.67,5.0,1.67,1343.45,ACTIVE,,
2,40762513,60.0,8.54,80.0,6.03,70.0,76.64,ACTIVE,,
3,38214962,26.0,8.28,29.0,12.7,29.0,58.72,ACTIVE,,
4,41286638,17.0,8.95,18.5,5.22,17.0,85.54,ACTIVE,,
5,39787308,150.0,29.19,430.0,5.18,340.0,23.92,ACTIVE,,
6,40733455,5.0,9.81,5.6,32.53,5.5,348.88,ACTIVE,,
7,42324350,17.0,13.29,19.5,10.45,17.0,156.32,ACTIVE,,
0,43653365,20.0,20.47,23.0,11.78,21.0,193.2,ACTIVE,,
1,47017083,1.66,8.73,1.69,15.03,1.68,1350.44,ACTIVE,,
2,40762513,60.0,11.23,85.0,14.17,70.0,76.64,ACTIVE,,
3,38214962,26.0,6.97,29.0,13.02,29.0,58.72,ACTIVE,,
4,41286638,16.5,12.96,18.5,5.22,17.0,85.54,ACTIVE,,
5,39787308,150.0,26.88,440.0,7.53,340.0,23.92,ACTIVE,,
6,40733455,5.0,7.9,5.3,9.27,5.3,349.35,ACTIVE,,
7,42324350,16.5,14.49,19.5,9.75,17.0,156.32,ACTIVE,,
0,43653365,20.0,23.28,23.0,11.78,20.0,194.52,ACTIVE,,
1,47017083,1.66,11.07,1.69,8.88,1.66,1381.63,ACTIVE,,
2,40762513,65.0,5.66,85.0,14.17,70.0,76.64,ACTIVE,,
3,38214962,26.0,8.93,29.0,13.02,29.0,58.72,ACTIVE,,
4,41286638,16.5,13.76,18.5,5.22,17.0,85.54,ACTIVE,,
5,39787308,150.0,26.88,440.0,7.53,340.0,23.92,ACTIVE,,
6,40733455,4.9,8.38,5.3,12.68,5.0,397.04,ACTIVE,,
7,42324350,16.5,14.18,19.5,9.75,17.0,156.95,ACTIVE,,
0,43653365,20.0,22.35,24.0,28.79,20.0,196.52,ACTIVE,,
1,47017083,1.66,21.52,1.69,8.88,1.66,1381.63,ACTIVE,,
2,40762513,65.0,10.66,85.0,14.17,70.0,76.64,ACTIVE,,
3,38214962,27.0,8.71,30.0,28.48,27.0,59.93,ACTIVE,,
4,41286638,15.5,8.61,18.5,11.63,16.5,124.1,ACTIVE,,
5,39787308,150.0,26.88,420.0,7.53,340.0,23.92,ACTIVE,,
6,40733455,4.9,12.03,5.4,8.48,5.3,418.42,ACTIVE,,
7,42324350,16.5,14.18,19.5,9.75,17.0,156.95,ACTIVE,,
0,43653365,20.0,22.19,24.0,28.79,20.0,196.84,ACTIVE,,
1,47017083,1.66,24.54,1.69,8.86,1.69,1381.67,ACTIVE,,
2,40762513,65.0,9.67,85.0,14.17,65.0,78.63,ACTIVE,,
3,38214962,27.0,13.71,30.0,48.51,27.0,59.93,ACTIVE,,
4,41286638,15.5,10.16,19.0,26.26,16.5,124.1,ACTIVE,,
5,39787308,150.0,26.88,440.0,6.8,340.0,23.92,ACTIVE,,
6,40733455,4.9,12.03,5.4,17.18,5.3,418.42,ACTIVE,,
7,42324350,16.5,14.13,19.5,9.75,17.0,157.06,ACTIVE,,
0,43653365,21.0,15.11,24.0,28.84,23.0,199.66,ACTIVE,,
1,47017083,1.65,34.05,1.67,6.83,1.65,1661.3,ACTIVE,,
2,40762513,65.0,6.22,85.0,13.41,70.0,79.42,ACTIVE,,
3,38214962,27.0,14.02,30.0,47.67,29.0,61.97,ACTIVE,,
4,41286638,17.0,16.25,19.0,18.79,18.0,147.88,ACTIVE,,
5,39787308,150.0,27.22,440.0,7.54,210.0,24.09,ACTIVE,,
6,40733455,4.9,27.84,5.2,23.12,5.2,527.32,ACTIVE,,
7,42324350,18.0,11.77,19.5,6.19,19.0,166.01,ACTIVE,,
0,43653365,21.0,15.09,24.0,28.83,22.0,203.13,ACTIVE,,
1,47017083,1.63,49.16,1.66,10.57,1.64,1873.15,ACTIVE,,
2,40762513,60.0,11.23,85.0,14.17,70.0,79.42,ACTIVE,,
3,38214962,27.0,13.48,30.0,47.65,27.0,62.28,ACTIVE,,
4,41286638,18.5,5.15,22.0,16.5,19.0,175.16,ACTIVE,,
5,39787308,150.0,29.78,590.0,5.39,240.0,24.15,ACTIVE,,
6,40733455,5.0,13.36,5.2,25.63,5.2,578.97,ACTIVE,,
7,42324350,17.0,18.78,20.0,17.63,18.0,186.12,ACTIVE,,
0,43653365,20.0,15.9,24.0,29.94,21.0,228.93,ACTIVE,,
1,47017083,1.66,71.98,1.68,25.9,1.67,1993.0,ACTIVE,,
2,40762513,60.0,11.23,85.0,14.17,70.0,79.42,ACTIVE,,
3,38214962,27.0,18.48,30.0,45.74,30.0,66.1,ACTIVE,,
4,41286638,18.5,14.99,21.0,6.88,19.0,189.37,ACTIVE,,
5,39787308,160.0,9.78,440.0,7.48,240.0,24.21,ACTIVE,,
6,40733455,4.9,5.99,5.1,5.88,4.9,677.08,ACTIVE,,
7,42324350,18.0,12.59,20.0,21.38,18.0,186.19,ACTIVE,,
0,43653365,19.5,13.27,21.0,10.57,21.0,230.25,ACTIVE,,
1,47017083,1.66,25.18,1.68,31.15,1.67,2571.11,ACTIVE,,
2,40762513,60.0,11.22,85.0,14.17,60.0,79.43,ACTIVE,,
3,38214962,26.0,14.67,30.0,45.74,27.0,77.23,ACTIVE,,
4,41286638,18.0,11.39,19.5,15.72,19.0,191.28,ACTIVE,,
5,39787308,150.0,25.08,570.0,5.34,240.0,24.24,ACTIVE,,
6,40733455,5.3,269.63,5.4,13.7,5.3,1081.32,ACTIVE,,
7,42324350,17.5,13.7,19.0,6.46,17.5,195.7,ACTIVE,,
0,43653365,20.0,5.21,21.0,7.0,20.0,284.27,ACTIVE,,
1,47017083,1.66,18.85,1.68,37.66,1.68,2583.39,ACTIVE,,
2,40762513,60.0,11.22,85.0,14.17,60.0,79.43,ACTIVE,,
3,38214962,26.0,18.22,30.0,50.62,27.0,77.23,ACTIVE,,
4,41286638,18.0,6.41,19.5,8.49,19.5,215.74,ACTIVE,,
5,39787308,160.0,9.78,600.0,6.59,240.0,24.27,ACTIVE,,
6,40733455,5.4,10.76,5.5,26.6,5.4,1174.35,ACTIVE,,
7,42324350,17.0,20.22,18.5,18.85,17.5,209.62,ACTIVE,,
0,43653365,20.0,5.21,21.0,7.0,20.0,284.27,ACTIVE,,
1,47017083,1.64,25.35,1.66,49.47,1.66,2681.07,ACTIVE,,
2,40762513,60.0,13.53,85.0,14.17,60.0,79.43,ACTIVE,,
3,38214962,26.0,15.13,30.0,50.62,27.0,83.41,ACTIVE,,
4,41286638,18.0,16.74,20.0,7.3,19.5,227.17,ACTIVE,,
5,39787308,150.0,25.08,580.0,6.0,240.0,24.32,ACTIVE,,
6,40733455,5.5,10.32,5.6,17.17,5.6,1243.52,ACTIVE,,
7,42324350,16.5,17.66,18.0,6.44,17.0,219.36,ACTIVE,,
0,43653365,20.0,22.0,21.0,7.0,20.0,315.77,ACTIVE,,
1,47017083,1.64,51.24,1.65,23.22,1.64,2774.36,ACTIVE,,
2,40762513,65.0,8.0,85.0,14.22,75.0,80.15,ACTIVE,,
3,38214962,27.0,6.78,29.0,5.81,30.0,85.26,ACTIVE,,
4,41286638,18.5,11.53,21.0,11.23,18.5,237.32,ACTIVE,,
5,39787308,160.0,7.47,590.0,5.75,240.0,24.59,ACTIVE,,
6,40733455,5.4,16.4,5.5,62.95,5.5,1312.62,ACTIVE,,
7,42324350,16.0,14.15,17.5,6.32,16.5,260.74,ACTIVE,,
0,43653365,19.0,16.4,21.0,12.47,21.0,463.36,ACTIVE,,
1,47017083,1.66,8.58,1.68,50.75,1.65,4259.44,ACTIVE,,
2,40762513,70.0,11.7,85.0,11.3,75.0,80.57,ACTIVE,,
3,38214962,26.0,15.03,29.0,11.33,27.0,93.3,ACTIVE,,
4,41286638,18.5,11.53,20.0,5.53,18.5,239.1,ACTIVE,,
5,39787308,150.0,24.11,590.0,5.61,160.0,34.75,ACTIVE,,
6,40733455,5.3,260.94,5.4,11.08,5.3,1407.3,ACTIVE,,
7,42324350,16.0,14.33,17.0,7.18,16.0,262.79,ACTIVE,,
0,43653365,18.0,9.32,20.0,14.66,19.5,552.16,ACTIVE,,
1,47017083,1.64,11.58,1.66,66.59,1.65,4885.01,ACTIVE,,
2,40762513,70.0,14.97,85.0,8.82,85.0,90.85,ACTIVE,,
3,38214962,27.0,10.92,30.0,48.22,30.0,100.95,ACTIVE,,
4,41286638,19.5,12.59,23.0,19.76,21.0,246.99,ACTIVE,,
5,39787308,150.0,24.08,600.0,7.89,370.0,35.22,ACTIVE,,
6,40733455,5.3,177.98,5.4,5.99,5.3,1659.96,ACTIVE,,
7,42324350,16.5,14.84,18.5,21.81,18.0,292.12,ACTIVE,,
0,43653365,17.5,5.35,19.0,16.17,18.5,652.71,ACTIVE,,
1,47017083,1.7,69.47,1.71,26.23,1.7,9515.64,ACTIVE,,
2,40762513,75.0,7.32,90.0,6.52,85.0,105.32,ACTIVE,,
3,38214962,26.0,5.17,29.0,14.78,27.0,149.77,ACTIVE,,
4,41286638,18.5,14.55,21.0,14.54,20.0,313.22,ACTIVE,,
5,39787308,150.0,23.59,390.0,5.73,360.0,41.24,ACTIVE,,
6,40733455,5.1,33.02,5.3,40.71,5.2,2050.17,ACTIVE,,
7,42324350,16.0,11.58,18.0,10.96,17.0,406.45,ACTIVE,,
0,43653365,17.0,19.93,17.5,6.04,17.0,701.28,ACTIVE,,
1,47017083,1.71,198.67,1.72,26.27,1.71,9822.81,ACTIVE,,
2,40762513,75.0,5.63,90.0,6.52,85.0,105.32,ACTIVE,,
3,38214962,26.0,10.51,29.0,14.65,26.0,150.28,ACTIVE,,
4,41286638,18.5,17.52,20.0,8.87,18.5,337.32,ACTIVE,,
5,39787308,160.0,5.61,580.0,7.34,360.0,41.24,ACTIVE,,
6,40733455,5.1,23.81,5.2,16.87,5.1,2102.31,ACTIVE,,
7,42324350,16.0,24.22,17.5,7.03,17.5,414.62,ACTIVE,,
0,43653365,16.5,11.97,18.0,30.65,17.0,752.67,ACTIVE,,
1,47017083,1.66,86.94,1.68,29.61,1.68,11432.31,ACTIVE,,
2,40762513,75.0,24.33,90.0,6.5,75.0,107.42,ACTIVE,,
3,38214962,26.0,14.62,29.0,7.58,27.0,156.36,ACTIVE,,
4,41286638,19.5,5.95,21.0,5.94,20.0,397.17,ACTIVE,,
5,39787308,160.0,5.75,600.0,6.16,360.0,41.24,ACTIVE,,
6,40733455,5.2,35.74,5.4,38.18,5.2,2188.43,ACTIVE,,
7,42324350,17.0,6.06,17.5,24.21,18.0,418.23,ACTIVE,,
