Unnamed: 0,Selection ID,Best Back Price,Best Back Size,Best Lay Price,Best Lay Size,Last Price Traded,Total Matched,Status,Removal Date,Adjustment Factor,time_delta,back_probability,lay_probability,back_look_back_probs,lay_look_back_probs,lay_back_average,ema_back_one,ema_back_two,ema_lay_one,ema_lay_two,macd_back,macd_lay
7,42324350,8.6,6.66,25.0,7.54,,0.0,ACTIVE,,,1200,0.11627906976744186,0.04,,,,0.11627906976744186,0.11627906976744186,0.04,0.04,0.0,0.0
7,42324350,8.6,6.66,25.0,7.54,,0.0,ACTIVE,,,1195,0.11627906976744186,0.04,,,,0.11627906976744186,0.11627906976744186,0.04,0.04,0.0,0.0
7,42324350,9.0,5.67,25.0,7.54,,0.0,ACTIVE,,,1190,0.1111111111111111,0.04,,,,0.11548399920492944,0.11480251015134736,0.04,0.04,0.0006814890535820767,0.0
7,42324350,8.4,19.37,25.0,7.54,,0.0,ACTIVE,,,1185,0.11904761904761904,0.04,,,,0.11603224841149708,0.11601539840742499,0.04,0.04,1.6850004072088698e-05,0.0
7,42324350,8.8,5.38,25.0,7.54,,0.0,ACTIVE,,,1180,0.11363636363636363,0.04,,,,0.11566365075378425,0.11533567418712175,0.04,0.04,0.0003279765666625023,0.0
7,42324350,9.0,7.86,25.0,7.54,,0.0,ACTIVE,,,1175,0.1111111111111111,0.04,0.11457739074018143,0.04,0.07728869537009071,0.11496326003952684,0.11412865616540442,0.04,0.04,0.0008346038741224165,0.0
7,42324350,9.0,7.86,25.0,7.54,,0.0,ACTIVE,,,1170,0.1111111111111111,0.04,0.11371606429745963,0.04,0.07685803214872981,0.11437062174284748,0.11326650043560633,0.04,0.04,0.0011041213072411488,0.0
7,42324350,9.0,7.86,25.0,7.54,,0.0,ACTIVE,,,1165,0.1111111111111111,0.04,0.11285473785473786,0.04,0.07642736892736893,0.1138691585687342,0.11265067491432199,0.04,0.04,0.0012184836544122113,0.0
7,42324350,8.8,5.38,25.0,7.54,,0.0,ACTIVE,,,1160,0.11363636363636363,0.04,0.11327561327561327,0.04,0.07663780663780663,0.11383334396375411,0.11293230026347674,0.04,0.04,0.000901043700277368,0.0
7,42324350,8.4,19.37,25.0,7.54,,0.0,ACTIVE,,,1155,0.11904761904761904,0.04,0.11327561327561327,0.04,0.07663780663780663,0.11463554013050256,0.11467953420180312,0.04,0.04,-4.399407130055433e-05,0.0
7,42324350,9.0,7.86,25.0,7.54,,0.0,ACTIVE,,,1150,0.1111111111111111,0.04,0.11285473785473786,0.04,0.07642736892736893,0.11409332028136543,0.11365998474731968,0.04,0.04,0.0004333355340457451,0.0
7,42324350,8.8,5.38,25.0,7.54,,0.0,ACTIVE,,,1145,0.11363636363636363,0.04,0.11327561327561327,0.04,0.07663780663780663,0.11402301925905746,0.1136532358584751,0.04,0.04,0.0003697834005823575,0.0
7,42324350,8.8,5.38,25.0,7.54,,0.0,ACTIVE,,,1140,0.11363636363636363,0.04,0.1136964886964887,0.04,0.07684824434824435,0.11396353377864303,0.11364841522358611,0.04,0.04,0.0003151185550569202,0.0
7,42324350,8.8,5.68,25.0,7.54,,0.0,ACTIVE,,,1135,0.11363636363636363,0.04,0.11411736411736412,0.04,0.07705868205868206,0.11391319991060005,0.11364497191295111,0.04,0.04,0.00026822799764893157,0.0
7,42324350,8.8,5.68,25.0,7.54,,0.0,ACTIVE,,,1130,0.11363636363636363,0.04,0.1141173641173641,0.04,0.07705868205868205,0.11387060971456368,0.1136425124053547,0.04,0.04,0.0002280973092089883,0.0
7,42324350,8.8,5.68,25.0,7.54,,0.0,ACTIVE,,,1125,0.11363636363636363,0.04,0.1132154882154882,0.04,0.0766077441077441,0.11383457185637906,0.1136407556142144,0.04,0.04,0.00019381624216466276,0.0
7,42324350,8.8,5.68,25.0,7.54,,0.0,ACTIVE,,,1120,0.11363636363636363,0.04,0.11363636363636363,0.04,0.07681818181818181,0.113804078284069,0.11363950076339989,0.04,0.04,0.00016457752066910414,0.0
7,42324350,8.8,5.68,25.0,7.54,,0.0,ACTIVE,,,1115,0.11363636363636363,0.04,0.11363636363636363,0.04,0.07681818181818181,0.11377827603057586,0.11363860444138953,0.04,0.04,0.0001396715891863326,0.0
7,42324350,9.2,5.98,25.0,7.54,,0.0,ACTIVE,,,1110,0.10869565217391305,0.04,0.1128129117259552,0.04,0.0764064558629776,0.11299633389878158,0.11222633236496768,0.04,0.04,0.0007700015338139021,0.0
7,42324350,8.4,19.68,25.0,7.54,,0.0,ACTIVE,,,1105,0.11904761904761904,0.04,0.1137147876278311,0.04,0.07685739381391556,0.11392730084475658,0.11417527141715378,0.04,0.04,-0.0002479705723971992,0.0
7,42324350,8.6,6.07,25.0,7.54,,0.0,ACTIVE,,,1100,0.11627906976744186,0.04,0.11415523864967747,0.04,0.07707761932483874,0.11428911144824663,0.11477635666009323,0.04,0.04,-0.0004872452118465931,0.0
7,42324350,8.6,6.07,25.0,7.54,,0.0,ACTIVE,,,1095,0.11627906976744186,0.04,0.11459568967152385,0.04,0.07729784483576192,0.11459525888196898,0.11520570326219283,0.04,0.04,-0.0006104443802238541,0.0
7,42324350,9.0,7.86,25.0,7.54,,0.0,ACTIVE,,,1090,0.1111111111111111,0.04,0.11417481425064842,0.04,0.0770874071253242,0.11405923614799085,0.1140358197904552,0.04,0.04,2.3416357535652188e-05,0.0
7,42324350,9.0,7.86,25.0,7.54,,0.0,ACTIVE,,,1085,0.1111111111111111,0.04,0.11375393882977301,0.04,0.0768769694148865,0.11360567845000935,0.11320018873921403,0.04,0.04,0.00040548971079532037,0.0
7,42324350,9.0,8.17,25.0,7.54,,0.0,ACTIVE,,,1080,0.1111111111111111,0.04,0.114156515319306,0.04,0.077078257659653,0.11322189885940961,0.11260330941689892,0.04,0.04,0.0006185894425106975,0.0
7,42324350,9.0,8.17,25.0,7.54,,0.0,ACTIVE,,,1075,0.1111111111111111,0.04,0.11283376399655469,0.04,0.07641688199827734,0.11289716228274832,0.11217696704381669,0.04,0.04,0.0007201952389316313,0.0
7,42324350,9.4,5.07,25.0,7.54,,0.0,ACTIVE,,,1070,0.10638297872340426,0.04,0.1111844154892151,0.04,0.07559220774460755,0.11189498019669539,0.11052154180941315,0.04,0.04,0.0013734383872822387,0.0
7,42324350,8.8,9.16,25.0,7.54,,0.0,ACTIVE,,,1065,0.11363636363636363,0.04,0.11074396446736871,0.04,0.07537198223368435,0.11216288534125973,0.11141149090282758,0.04,0.04,0.0007513944384321541,0.0
7,42324350,9.0,8.17,25.0,7.54,,0.0,ACTIVE,,,1060,0.1111111111111111,0.04,0.11074396446736873,0.04,0.07537198223368437,0.11200107392123687,0.1113256681051943,0.04,0.04,0.0006754058160425708,0.0
7,42324350,9.0,8.17,25.0,7.54,,0.0,ACTIVE,,,1055,0.1111111111111111,0.04,0.11074396446736871,0.04,0.07537198223368435,0.1118641565658329,0.11126436610688482,0.04,0.04,0.0005997904589480768,0.0
7,42324350,9.0,8.17,25.0,7.54,,0.0,ACTIVE,,,1050,0.1111111111111111,0.04,0.11074396446736873,0.04,0.07537198223368437,0.11174830341895262,0.1112205789652352,0.04,0.04,0.000527724453717418,0.0
7,42324350,9.0,8.17,25.0,7.54,,0.0,ACTIVE,,,1045,0.1111111111111111,0.04,0.11074396446736871,0.04,0.07537198223368435,0.11165027383313084,0.11118930243548546,0.04,0.04,0.0004609713976453794,0.0
7,42324350,9.0,8.17,25.0,7.54,,0.0,ACTIVE,,,1040,0.1111111111111111,0.04,0.11153198653198652,0.04,0.07576599326599326,0.11156732572205089,0.11116696205709278,0.04,0.04,0.00040036366495810327,0.0
7,42324350,8.6,6.08,25.0,7.54,,0.0,ACTIVE,,,1035,0.11627906976744186,0.04,0.1119724375538329,0.04,0.07598621877691646,0.1122922094213418,0.11262756426004966,0.04,0.04,-0.0003353548387078631,0.0
7,42324350,9.0,8.17,25.0,7.54,,0.0,ACTIVE,,,1030,0.1111111111111111,0.04,0.1119724375538329,0.04,0.07598621877691646,0.1121105019889986,0.1121942919317815,0.04,0.04,-8.37899427828942e-05,0.0
7,42324350,8.4,16.21,25.0,7.54,,0.0,ACTIVE,,,1025,0.11904761904761904,0.04,0.11329518887658423,0.04,0.07664759443829211,0.11317775076724791,0.11415238539344937,0.04,0.04,-0.0009746346262014538,0.0
7,42324350,8.6,5.68,25.0,7.54,,0.0,ACTIVE,,,1020,0.11627906976744186,0.04,0.114156515319306,0.04,0.077078257659653,0.11365487676727776,0.11476000950030436,0.04,0.04,-0.0011051327330266064,0.0
7,42324350,8.6,5.68,25.0,7.54,,0.0,ACTIVE,,,1015,0.11627906976744186,0.04,0.11501784176202783,0.04,0.07750892088101391,0.11405859876730301,0.1151940267194865,0.04,0.04,-0.0011354279521834931,0.0
7,42324350,8.6,5.68,25.0,7.54,,0.0,ACTIVE,,,1010,0.11627906976744186,0.04,0.1158791682047496,0.04,0.0779395841023748,0.1144002096904013,0.11550403901890231,0.04,0.04,-0.0011038293285010187,0.0
7,42324350,8.6,5.68,25.0,7.54,,0.0,ACTIVE,,,1005,0.11627906976744186,0.04,0.1158791682047496,0.04,0.0779395841023748,0.11468926508686908,0.1157254763756279,0.04,0.04,-0.0010362112887588176,0.0
7,42324350,8.6,6.97,25.0,7.54,,0.0,ACTIVE,,,1000,0.11627906976744186,0.04,0.11674049464747138,0.04,0.0783702473237357,0.1149338504223418,0.11588364591614617,0.04,0.04,-0.0009497954938043618,0.0
7,42324350,8.6,6.97,25.0,7.54,,0.0,ACTIVE,,,995,0.11627906976744186,0.04,0.11627906976744186,0.04,0.07813953488372093,0.11514080724466488,0.11599662415937351,0.04,0.04,-0.0008558169147086236,0.0
7,42324350,8.6,6.97,25.0,7.54,,0.0,ACTIVE,,,990,0.11627906976744186,0.04,0.11627906976744186,0.04,0.07813953488372093,0.11531592455586134,0.11607732290453589,0.04,0.04,-0.000761398348674544,0.0
7,42324350,8.6,6.97,25.0,7.54,,0.0,ACTIVE,,,985,0.11627906976744186,0.04,0.11627906976744184,0.04,0.07813953488372093,0.11546410074225835,0.11613496486536616,0.04,0.04,-0.0006708641231078089,0.0
7,42324350,8.6,6.97,25.0,7.54,,0.0,ACTIVE,,,980,0.11627906976744186,0.04,0.11627906976744184,0.04,0.07813953488372093,0.11558948059228658,0.11617613769453064,0.04,0.04,-0.0005866571022440648,0.0
7,42324350,8.6,6.97,25.0,7.54,,0.0,ACTIVE,,,975,0.11627906976744186,0.04,0.11627906976744184,0.04,0.07813953488372093,0.11569557123461816,0.11620554685821956,0.04,0.04,-0.0005099756236014025,0.0
7,42324350,8.6,6.97,25.0,7.54,,0.0,ACTIVE,,,970,0.11627906976744186,0.04,0.11627906976744186,0.04,0.07813953488372093,0.11578534023966797,0.11622655340371164,0.04,0.04,-0.0004412131640436773,0.0
7,42324350,8.6,6.97,25.0,7.54,,0.0,ACTIVE,,,965,0.11627906976744186,0.04,0.11627906976744186,0.04,0.07813953488372093,0.11586129862855626,0.11624155807906313,0.04,0.04,-0.00038025945050686183,0.0
7,42324350,8.6,6.97,25.0,7.54,,0.0,ACTIVE,,,960,0.11627906976744186,0.04,0.11627906976744186,0.04,0.07813953488372093,0.11592557111146173,0.11625227570431419,0.04,0.04,-0.0003267045928524587,0.0
7,42324350,8.6,6.97,25.0,7.54,,0.0,ACTIVE,,,955,0.11627906976744186,0.04,0.11627906976744186,0.04,0.07813953488372093,0.11597995552007406,0.11625993115092209,0.04,0.04,-0.00027997563084802835,0.0
7,42324350,8.6,6.97,25.0,7.54,,0.0,ACTIVE,,,950,0.11627906976744186,0.04,0.11627906976744186,0.04,0.07813953488372093,0.11602597309659218,0.1162653993270706,0.04,0.04,-0.00023942623047841505,0.0
7,42324350,8.6,6.97,25.0,7.54,,0.0,ACTIVE,,,945,0.11627906976744186,0.04,0.11627906976744184,0.04,0.07813953488372093,0.11606491104595368,0.11626930516717666,0.04,0.04,-0.0002043941212229866,0.0
7,42324350,8.6,6.97,25.0,7.54,,0.0,ACTIVE,,,940,0.11627906976744186,0.04,0.11627906976744184,0.04,0.07813953488372093,0.11609785854156723,0.11627209505296672,0.04,0.04,-0.00017423651139948648,0.0
7,42324350,8.6,6.97,25.0,7.54,,0.0,ACTIVE,,,935,0.11627906976744186,0.04,0.11627906976744184,0.04,0.07813953488372093,0.1161257371917018,0.11627408782853105,0.04,0.04,-0.00014835063682924754,0.0
7,42324350,8.6,6.97,25.0,7.54,,0.0,ACTIVE,,,930,0.11627906976744186,0.04,0.11627906976744186,0.04,0.07813953488372093,0.11614932681873874,0.11627551123964842,0.04,0.04,-0.00012618442090968351,0.0
7,42324350,8.6,6.97,25.0,7.54,,0.0,ACTIVE,,,925,0.11627906976744186,0.04,0.11627906976744186,0.04,0.07813953488372093,0.11616928727238537,0.11627652796187511,0.04,0.04,-0.00010724068948973764,0.0
7,42324350,8.6,6.97,25.0,7.54,,0.0,ACTIVE,,,920,0.11627906976744186,0.04,0.11627906976744186,0.04,0.07813953488372093,0.11618617688700944,0.11627725419203704,0.04,0.04,-9.107730502759537e-05,0.0
7,42324350,8.8,6.07,25.0,7.54,,0.0,ACTIVE,,,915,0.11363636363636363,0.04,0.11583861874559549,0.04,0.07791930937279774,0.11579389792537163,0.1155227140332732,0.04,0.04,0.0002711838920984311,0.0
7,42324350,9.2,5.07,25.0,7.54,,0.0,ACTIVE,,,910,0.10869565217391305,0.04,0.11457471581334071,0.04,0.07728735790667035,0.11470186011745492,0.11357212493059887,0.04,0.04,0.0011297351868560512,0.0
7,42324350,8.6,6.07,25.0,7.54,,0.0,ACTIVE,,,905,0.11627906976744186,0.04,0.11457471581334071,0.04,0.07728735790667035,0.11494450775591444,0.11434553774112544,0.04,0.04,0.0005989700147890076,0.0
7,42324350,9.0,5.07,25.0,7.54,,0.0,ACTIVE,,,900,0.1111111111111111,0.04,0.11371338937061888,0.04,0.07685669468530944,0.1143547544259447,0.11342141584683563,0.04,0.04,0.000933338579109072,0.0
7,42324350,9.0,8.17,25.0,7.54,,0.0,ACTIVE,,,895,0.1111111111111111,0.04,0.11285206292789711,0.04,0.07642603146394855,0.11385573237750876,0.11276132877948576,0.04,0.04,0.001094403598023,0.0
7,42324350,9.0,8.17,25.0,7.54,,0.0,ACTIVE,,,890,0.1111111111111111,0.04,0.11199073648517531,0.04,0.07599536824258765,0.11343348295190914,0.11228983801709301,0.04,0.04,0.0011436449348161265,0.0
7,42324350,9.0,8.17,25.0,7.54,,0.0,ACTIVE,,,885,0.1111111111111111,0.04,0.11156986106429989,0.04,0.07578493053214995,0.11307619497640176,0.11195305890109818,0.04,0.04,0.0011231360753035796,0.0
7,42324350,9.0,8.17,25.0,7.54,,0.0,ACTIVE,,,880,0.1111111111111111,0.04,0.11197243755383289,0.04,0.07598621877691644,0.11277387438174166,0.1117125023896733,0.04,0.04,0.0010613719920683634,0.0
7,42324350,9.0,8.17,25.0,7.54,,0.0,ACTIVE,,,875,0.1111111111111111,0.04,0.1111111111111111,0.04,0.07555555555555556,0.11251806464779851,0.1115406763100841,0.04,0.04,0.0009773883377144077,0.0
7,42324350,9.2,9.46,25.0,7.54,,0.0,ACTIVE,,,870,0.10869565217391305,0.04,0.11070853462157809,0.04,0.07535426731078905,0.11193000119027767,0.11072781227117809,0.04,0.04,0.001202188919099581,0.0
7,42324350,8.4,19.68,25.0,7.54,,0.0,ACTIVE,,,865,0.11904761904761904,0.04,0.11203128594432941,0.04,0.0760156429721647,0.11302501932217635,0.11310489992158979,0.04,0.04,-7.988059941343995e-05,0.0
7,42324350,8.6,6.07,25.0,7.54,,0.0,ACTIVE,,,860,0.11627906976744186,0.04,0.11289261238705121,0.04,0.0764463061935256,0.1135256424676018,0.11401180559183323,0.04,0.04,-0.0004861631242314285,0.0
7,42324350,8.8,5.98,25.0,7.54,,0.0,ACTIVE,,,855,0.11363636363636363,0.04,0.11331348780792662,0.04,0.0766567439039633,0.11354267649356517,0.11390453646169905,0.04,0.04,-0.00036185996813388466,0.0
7,42324350,8.6,6.07,25.0,7.54,,0.0,ACTIVE,,,850,0.11627906976744186,0.04,0.11417481425064842,0.04,0.0770874071253242,0.11396366007416159,0.11458297454905414,0.04,0.04,-0.0006193144748925516,0.0
7,42324350,8.4,17.48,25.0,7.54,,0.0,ACTIVE,,,845,0.11904761904761904,0.04,0.11549756557339974,0.04,0.07774878278669987,0.11474580760853967,0.11585858726292983,0.04,0.04,-0.0011127796543901614,0.0
7,42324350,8.6,6.07,25.0,7.54,,0.0,ACTIVE,,,840,0.11627906976744186,0.04,0.11676146850565455,0.04,0.07838073425282728,0.1149816940945246,0.11597872512136184,0.04,0.04,-0.0009970310268372362,0.0
7,42324350,8.6,6.07,25.0,7.54,,0.0,ACTIVE,,,835,0.11627906976744186,0.04,0.11630004362562502,0.04,0.07815002181281251,0.11518129035189648,0.1160645378773847,0.04,0.04,-0.000883247525488226,0.0
7,42324350,8.6,6.07,25.0,7.54,,0.0,ACTIVE,,,830,0.11627906976744186,0.04,0.11630004362562502,0.04,0.07815002181281251,0.11535017949274962,0.11612583270311531,0.04,0.04,-0.0007756532103656982,0.0
7,42324350,8.6,6.07,25.0,7.54,,0.0,ACTIVE,,,825,0.11627906976744186,0.04,0.11674049464747138,0.04,0.0783702473237357,0.1154930856888561,0.11616961472149433,0.04,0.04,-0.0006765290326382206,0.0
7,42324350,8.6,6.07,25.0,7.54,,0.0,ACTIVE,,,820,0.11627906976744186,0.04,0.1167404946474714,0.04,0.0783702473237357,0.11561400631633084,0.11620088759176504,0.04,0.04,-0.0005868812754342007,0.0
7,42324350,9.2,5.27,25.0,7.54,,0.0,ACTIVE,,,815,0.10869565217391305,0.04,0.11501516683518705,0.04,0.07750758341759352,0.11454964414057425,0.1140565346152359,0.04,0.04,0.0004931095253383477,0.0
7,42324350,9.2,5.27,25.0,7.54,,0.0,ACTIVE,,,810,0.10869565217391305,0.04,0.11375126390293226,0.04,0.07687563195146613,0.11364902999185715,0.11252485391771509,0.04,0.04,0.0011241760741420581,0.0
7,42324350,9.2,5.27,25.0,7.54,,0.0,ACTIVE,,,805,0.10869565217391305,0.04,0.11248736097067746,0.04,0.07624368048533874,0.11288697186601959,0.1114307962766288,0.04,0.04,0.0014561755893907902,0.0
7,42324350,9.2,5.27,25.0,7.54,,0.0,ACTIVE,,,800,0.10869565217391305,0.04,0.11122345803842267,0.04,0.07561172901921133,0.11224215345184936,0.11064932653299574,0.04,0.04,0.0015928269188536237,0.0
7,42324350,9.2,5.27,25.0,7.54,,0.0,ACTIVE,,,795,0.10869565217391305,0.04,0.10995955510616785,0.04,0.07497977755308392,0.11169653787062839,0.11009113385897211,0.04,0.04,0.0016054040116562779,0.0
7,42324350,9.2,5.27,25.0,7.54,,0.0,ACTIVE,,,790,0.10869565217391305,0.04,0.10869565217391304,0.04,0.07434782608695652,0.11123486314805679,0.1096924248060981,0.04,0.04,0.0015424383419586907,0.0
7,42324350,9.2,5.27,25.0,7.54,,0.0,ACTIVE,,,785,0.10869565217391305,0.04,0.10869565217391307,0.04,0.07434782608695653,0.11084421530588083,0.1094076326254738,0.04,0.04,0.001436582680407028,0.0
7,42324350,9.2,5.27,25.0,7.54,,0.0,ACTIVE,,,780,0.10869565217391305,0.04,0.10869565217391307,0.04,0.07434782608695653,0.11051366713173194,0.10920420963931358,0.04,0.04,0.001309457492418356,0.0
7,42324350,9.2,5.27,25.0,7.54,,0.0,ACTIVE,,,775,0.10869565217391305,0.04,0.10869565217391304,0.04,0.07434782608695652,0.11023397252283673,0.109058907506342,0.04,0.04,0.0011750650164947252,0.0
7,42324350,9.2,5.27,25.0,7.54,,0.0,ACTIVE,,,770,0.10869565217391305,0.04,0.10869565217391304,0.04,0.07434782608695652,0.10999730785377156,0.10895512026850517,0.04,0.04,0.0010421875852663909,0.0
7,42324350,9.2,5.27,25.0,7.54,,0.0,ACTIVE,,,765,0.10869565217391305,0.04,0.10869565217391307,0.04,0.07434782608695653,0.10979705313379333,0.10888098652719314,0.04,0.04,0.0009160666066001938,0.0
7,42324350,9.2,5.27,25.0,7.54,,0.0,ACTIVE,,,760,0.10869565217391305,0.04,0.10869565217391307,0.04,0.07434782608695653,0.10962760683227328,0.1088280338548274,0.04,0.04,0.0007995729774458865,0.0
7,42324350,9.2,5.27,25.0,8.16,,0.0,ACTIVE,,,755,0.10869565217391305,0.04,0.10869565217391304,0.04,0.07434782608695652,0.10948422919252555,0.1087902105174233,0.04,0.04,0.0006940186751022565,0.0
7,42324350,9.2,5.27,25.0,8.16,,0.0,ACTIVE,,,750,0.10869565217391305,0.04,0.10869565217391304,0.04,0.07434782608695652,0.10936290965120056,0.10876319384784894,0.04,0.04,0.000599715803351622,0.0
7,42324350,9.2,5.27,25.0,8.16,,0.0,ACTIVE,,,745,0.10869565217391305,0.04,0.10869565217391307,0.04,0.07434782608695653,0.10926025465469479,0.1087438962267244,0.04,0.04,0.0005163584279703898,0.0
7,42324350,9.2,6.18,25.0,8.16,,0.0,ACTIVE,,,740,0.10869565217391305,0.04,0.10869565217391307,0.04,0.07434782608695653,0.10917339273457452,0.10873011221163545,0.04,0.04,0.0004432805229390713,0.0
7,42324350,9.6,13.54,25.0,8.16,,0.0,ACTIVE,,,735,0.10416666666666667,0.04,0.10794082125603865,0.04,0.07397041062801933,0.10840312718566562,0.10742627062735866,0.04,0.04,0.0009768565583069683,0.0
7,42324350,10.0,12.63,25.0,8.16,,0.0,ACTIVE,,,730,0.1,0.04,0.1064915458937198,0.04,0.0732457729468599,0.10711033838787092,0.10530447901954189,0.04,0.04,0.001805859368329027,0.0
7,42324350,10.5,9.78,25.0,8.16,,0.0,ACTIVE,,,725,0.09523809523809523,0.04,0.10424861973775018,0.04,0.0721243098688751,0.10528383944175158,0.10242836936769997,0.04,0.04,0.002855470074051611,0.0
7,42324350,10.5,9.78,25.0,8.16,,0.0,ACTIVE,,,720,0.09523809523809523,0.04,0.10200569358178053,0.04,0.07100284679089026,0.10373834033349677,0.10037400533067004,0.04,0.04,0.003364335002826735,0.0
7,42324350,10.5,9.78,25.0,8.16,,0.0,ACTIVE,,,715,0.09523809523809523,0.04,0.0997627674258109,0.04,0.06988138371290545,0.10243061031881961,0.09890660244707725,0.04,0.04,0.0035240078717423684,0.0
7,42324350,10.5,9.78,25.0,8.16,,0.0,ACTIVE,,,710,0.09523809523809523,0.04,0.09751984126984127,0.04,0.06875992063492063,0.10132406953716971,0.09785845753022523,0.04,0.04,0.0034656120069444796,0.0
7,42324350,10.5,9.78,25.0,8.16,,0.0,ACTIVE,,,705,0.09523809523809523,0.04,0.09603174603174602,0.04,0.06801587301587302,0.10038776579885057,0.09710978258961667,0.04,0.04,0.003277983209233906,0.0
7,42324350,10.5,9.78,25.0,8.16,,0.0,ACTIVE,,,700,0.09523809523809523,0.04,0.09523809523809523,0.04,0.06761904761904762,0.0995955087895036,0.09657501477489625,0.04,0.04,0.0030204940146073556,0.0
7,42324350,10.5,9.66,25.0,8.16,,0.0,ACTIVE,,,695,0.09523809523809523,0.04,0.09523809523809523,0.04,0.06761904761904762,0.09892513747390232,0.09619303776438168,0.04,0.04,0.0027320997095206384,0.0
7,42324350,10.5,9.66,25.0,8.16,,0.0,ACTIVE,,,690,0.09523809523809523,0.04,0.09523809523809523,0.04,0.06761904761904762,0.09835790020685507,0.09592019704258556,0.04,0.04,0.002437703164269514,0.0
7,42324350,10.5,9.66,25.0,8.16,,0.0,ACTIVE,,,685,0.09523809523809523,0.04,0.09523809523809523,0.04,0.06761904761904762,0.09787793021166126,0.09572531081273117,0.04,0.04,0.002152619398930092,0.0
7,42324350,10.5,9.66,25.0,8.16,,0.0,ACTIVE,,,680,0.09523809523809523,0.04,0.09523809523809523,0.04,0.06761904761904762,0.09747180175418957,0.09558610636283518,0.04,0.04,0.0018856953913543861,0.0
7,42324350,10.5,9.66,25.0,8.16,,0.0,ACTIVE,,,675,0.09523809523809523,0.04,0.09523809523809523,0.04,0.06761904761904762,0.09712815459786736,0.0954866746129095,0.04,0.04,0.0016414799849578665,0.0
7,42324350,10.5,9.66,25.0,8.16,,0.0,ACTIVE,,,670,0.09523809523809523,0.04,0.09523809523809523,0.04,0.06761904761904762,0.0968373762348255,0.09541565193439114,0.04,0.04,0.0014217243004343572,0.0
7,42324350,8.4,19.59,25.0,8.16,10.5,10.0,ACTIVE,,,665,0.11904761904761904,0.04,0.0992063492063492,0.04,0.0696031746031746,0.10025433666756296,0.10216764253817054,0.04,0.04,-0.0019133058706075762,0.0
7,42324350,8.4,19.59,25.0,8.25,10.5,10.0,ACTIVE,,,660,0.11904761904761904,0.04,0.10317460317460318,0.04,0.07158730158730159,0.1031456108798793,0.10699049296944153,0.04,0.04,-0.0038448820895622404,0.0
7,42324350,8.4,19.59,25.0,8.25,10.5,10.0,ACTIVE,,,655,0.11904761904761904,0.04,0.10714285714285714,0.04,0.07357142857142857,0.10559207367491619,0.1104353861346351,0.04,0.04,-0.004843312459718918,0.0
7,42324350,8.4,19.59,22.0,6.41,10.5,10.0,ACTIVE,,,650,0.11904761904761904,0.045454545454545456,0.1111111111111111,0.04090909090909091,0.076010101010101,0.10766215757840894,0.11289602410977337,0.04083916083916084,0.04155844155844156,-0.005233866531364428,-0.000719280719280721
7,42324350,8.4,19.59,22.0,5.97,10.5,10.0,ACTIVE,,,645,0.11904761904761904,0.045454545454545456,0.11507936507936507,0.04181818181818182,0.07844877344877345,0.1094137670352105,0.11465362266344356,0.04154922001075847,0.04267161410018553,-0.005239855628233064,-0.0011223940894270618
7,42324350,8.4,19.59,22.0,6.41,10.5,10.0,ACTIVE,,,640,0.11904761904761904,0.045454545454545456,0.11904761904761905,0.042727272727272725,0.0808874458874459,0.11089589811404259,0.11590905020177941,0.04215003930980262,0.04346673734428837,-0.005013152087736825,-0.0013166980344857457
7,42324350,8.6,8.19,22.0,6.41,10.5,10.0,ACTIVE,,,635,0.11627906976744186,0.045454545454545456,0.11858619416758952,0.04363636363636364,0.08111127890197659,0.1117240783684117,0.11601477007768296,0.042658424870532285,0.04403468251864753,-0.004290691709271266,-0.0013762576481152478
7,42324350,8.8,6.9,22.0,6.41,10.5,10.0,ACTIVE,,,630,0.11363636363636363,0.045454545454545456,0.11768431826571361,0.04454545454545455,0.08111488640558408,0.11201827610194276,0.11533522538016315,0.04308859726807277,0.04444035764318979,-0.0033169492782203908,-0.0013517603751170212
7,42324350,8.6,8.19,22.0,6.41,10.5,10.0,ACTIVE,,,625,0.11627906976744186,0.045454545454545456,0.11722289338568408,0.04545454545454546,0.08133871942011477,0.11267378281971185,0.11560489520509992,0.04345258929676087,0.04473012558929141,-0.0029311123853880683,-0.0012775362925305372
7,42324350,8.6,5.98,22.0,6.41,10.5,10.0,ACTIVE,,,620,0.11627906976744186,0.045454545454545456,0.11676146850565455,0.04545454545454545,0.0811080069801,0.11322844235013185,0.11579751650862619,0.04376058255180465,0.04493710269364971,-0.0025690741584943333,-0.0011765201418450569
7,42324350,8.6,8.19,22.0,6.41,10.5,10.0,ACTIVE,,,615,0.11627906976744186,0.045454545454545456,0.11630004362562502,0.04545454545454545,0.08087729454008523,0.11369776964510261,0.11593510315400209,0.04402119222914939,0.04508494348247706,-0.0022373335088994722,-0.001063751253327673
7,42324350,8.8,6.9,22.0,6.41,10.5,10.0,ACTIVE,,,610,0.11363636363636363,0.045454545454545456,0.11539816772374911,0.04545454545454545,0.08042635658914728,0.11368832256683509,0.11527832043467681,0.04424170810997955,0.04519054404592517,-0.0015899978678417248,-0.0009488359359456217
7,42324350,9.0,6.9,22.0,7.14,10.5,10.0,ACTIVE,,,605,0.1111111111111111,0.045454545454545456,0.11453684128102733,0.04545454545454545,0.07999569336778639,0.1132918284967237,0.11408768919937233,0.044428298470682,0.04526597301981668,-0.0007958607026486292,-0.0008376745491346788
7,42324350,9.0,6.9,22.0,7.14,10.5,10.0,ACTIVE,,,600,0.1111111111111111,0.045454545454545456,0.1141159658601519,0.04545454545454545,0.07978525565734867,0.11295633351432177,0.11323723831701198,0.044586182622045605,0.04531985085831061,-0.00028090480269020446,-0.0007336682362650074
7,42324350,9.0,6.9,22.0,8.88,10.5,10.0,ACTIVE,,,595,0.1111111111111111,0.045454545454545456,0.11325463941743012,0.04545454545454545,0.07935459243598779,0.11267245314459706,0.1126297734010403,0.04471977690396866,0.045358335028663425,4.267974355676163e-05,-0.0006385581246947658
7,42324350,9.0,6.9,22.0,8.88,10.5,10.0,ACTIVE,,,590,0.1111111111111111,0.045454545454545456,0.11239331297470832,0.04545454545454545,0.07892392921462689,0.11243224667790691,0.11219586988963196,0.04483281821944201,0.04538582372177258,0.00023637678827495567,-0.0005530055023305683
7,42324350,9.0,6.9,22.0,8.88,10.5,10.0,ACTIVE,,,585,0.1111111111111111,0.045454545454545456,0.11153198653198652,0.04545454545454545,0.07849326599326599,0.11222899505224601,0.11188593881005457,0.044928468563304076,0.045405458502564826,0.0003430562421914418,-0.0004769899392607496
7,42324350,9.0,6.9,22.0,8.88,10.5,10.0,ACTIVE,,,580,0.1111111111111111,0.045454545454545456,0.1111111111111111,0.04545454545454545,0.07828282828282827,0.11205701290745604,0.1116645594674993,0.0450094034696489,0.04541948334598786,0.00039245343995673865,-0.0004100798763389604
7,42324350,9.0,8.1,22.0,8.88,10.5,10.0,ACTIVE,,,575,0.1111111111111111,0.045454545454545456,0.11111111111111112,0.04545454545454545,0.07828282828282829,0.11191148955417221,0.1115064313656741,0.045077886851940675,0.04542950109129003,0.0004050581884981058,-0.00035161423934935293
7,42324350,9.0,6.9,22.0,8.88,10.5,10.0,ACTIVE,,,570,0.1111111111111111,0.045454545454545456,0.1111111111111111,0.04545454545454545,0.07828282828282827,0.11178835440908588,0.11139348272151325,0.04513583432926448,0.04543665662364872,0.0003948716875726288,-0.0003008222943842384
7,42324350,9.0,6.9,22.0,8.88,10.5,10.0,ACTIVE,,,565,0.1111111111111111,0.045454545454545456,0.11111111111111112,0.04545454545454545,0.07828282828282829,0.11168416313247437,0.11131280511854122,0.04518486681007694,0.04544176771819065,0.0003713580139331485,-0.00025690090811370664
7,42324350,9.0,6.9,22.0,8.88,10.5,10.0,ACTIVE,,,560,0.1111111111111111,0.045454545454545456,0.1111111111111111,0.04545454545454545,0.07828282828282827,0.11159600128303387,0.11125517825927547,0.04522635583230286,0.0454454185000063,0.000340823023758402,-0.00021906266770344018
7,42324350,9.4,6.75,22.0,7.14,12.5,27.4,ACTIVE,,,555,0.10638297872340426,0.045454545454545456,0.11032308904649331,0.04545454545454545,0.07788881725051938,0.11079399781232163,0.10986312124902656,0.04526146192803249,0.0454480262013032,0.0009308765632950744,-0.0001865642732707118
7,42324350,9.8,7.18,22.0,7.14,12.5,27.4,ACTIVE,,,550,0.1020408163265306,0.045454545454545456,0.1088113732490632,0.04545454545454545,0.07713295935180432,0.10944735450681531,0.10762817698545629,0.04529116708595756,0.045449888845086696,0.0018191775213590167,-0.0001587217591291351
7,42324350,10.0,8.77,22.0,7.14,12.5,27.4,ACTIVE,,,545,0.1,0.045454545454545456,0.10695952139721136,0.04545454545454545,0.07620703342587841,0.10799391535192064,0.1054486978467545,0.04531630221958646,0.04545121930493205,0.0025452175051661474,-0.00013491708534559
7,42324350,11.0,9.64,22.0,7.14,12.5,27.4,ACTIVE,,,540,0.09090909090909091,0.045454545454545456,0.10359251803020801,0.04545454545454545,0.07452353174237673,0.10536548082225453,0.10129452443599346,0.045337570409580155,0.045452169633393026,0.004070956386261065,-0.00011459922381287097
7,42324350,11.0,5.38,22.0,7.14,12.5,29.39,ACTIVE,,,535,0.09090909090909091,0.045454545454545456,0.10022551466320462,0.04545454545454545,0.07284003005887503,0.10314142083561396,0.0983272577140213,0.04535556657034404,0.045452848439436574,0.004814163121592663,-9.728186909253173e-05
7,42324350,11.0,5.38,22.0,7.14,12.5,29.39,ACTIVE,,,530,0.09090909090909091,0.045454545454545456,0.09685851129620127,0.04545454545454545,0.07115652837537335,0.10125952392384119,0.09620778148404119,0.045370794090990416,0.04545333330089625,0.0050517424398,-8.25392099058353e-05
7,42324350,12.0,9.74,22.0,7.14,12.5,29.39,ACTIVE,,,525,0.08333333333333333,0.045454545454545456,0.09301690373118944,0.04545454545454545,0.06923572459286745,0.09850164844837844,0.0925293677266961,0.04538367891615273,0.04545367963051031,0.005972280721682349,-7.000071435758065e-05
7,42324350,13.0,5.1,20.0,6.71,12.5,29.39,ACTIVE,,,520,0.07692307692307693,0.05,0.08883061383061384,0.04621212121212121,0.06752136752136753,0.09518186821371667,0.08807042749709063,0.04609388215982154,0.046752628307507364,0.007111440716626047,-0.0006587461476858236
7,42324350,13.0,5.1,20.0,6.53,12.5,29.39,ACTIVE,,,515,0.07692307692307693,0.05,0.08498445998445998,0.04696969696969697,0.06597707847707848,0.0923728233997721,0.08488547019022957,0.04669482336600284,0.04768044879107669,0.007487353209542524,-0.000985625425073848
7,42324350,13.0,17.91,22.0,8.71,12.5,29.39,ACTIVE,,,510,0.07692307692307693,0.045454545454545456,0.08265345765345765,0.046969696969696974,0.06481157731157731,0.08999593932643438,0.08261050068532882,0.04650401137962478,0.04704447640921062,0.007385438641105552,-0.0005404650295858376
7,42324350,13.0,17.91,22.0,8.71,12.5,29.39,ACTIVE,,,505,0.07692307692307693,0.045454545454545456,0.08032245532245533,0.04696969696969697,0.06364607614607615,0.08798472972591785,0.08098552246754256,0.04634255508345873,0.04659021042216343,0.006999207258375287,-0.0002476553387047026
7,42324350,13.5,11.19,22.0,8.71,12.5,29.39,ACTIVE,,,500,0.07407407407407407,0.045454545454545456,0.07751661918328585,0.046969696969696974,0.06224315807649142,0.08584462885640343,0.07901082292655157,0.04620593821747207,0.04626573471712972,0.0068338059298518605,-5.979649965764944e-05
7,42324350,14.0,6.26,22.0,8.71,12.5,29.39,ACTIVE,,,495,0.07142857142857142,0.045454545454545456,0.07553249219915888,0.04696969696969697,0.06125109458442792,0.0836267738675062,0.0768444653557001,0.04609033933086797,0.046033966356391356,0.006782308511806098,5.637297447661643e-05
7,42324350,14.0,15.79,22.0,8.71,12.5,29.39,ACTIVE,,,490,0.07142857142857142,0.045454545454545456,0.07461674128340795,0.04621212121212121,0.06041443124776458,0.08175012733843931,0.07529706709080619,0.04599252488835681,0.045868417527292524,0.006453060247633119,0.00012410736106428788
7,42324350,14.0,14.51,22.0,8.71,12.5,29.39,ACTIVE,,,485,0.07142857142857142,0.045454545454545456,0.07370099036765704,0.04545454545454546,0.059577767911101254,0.0801621956599981,0.07419178261588197,0.0459097588216166,0.0457501683636505,0.005970413044116135,0.00015959045796610366
7,42324350,14.0,14.51,22.0,8.71,12.5,29.39,ACTIVE,,,480,0.07142857142857142,0.045454545454545456,0.07278523945190611,0.04545454545454545,0.059119892453225784,0.07881856116285554,0.07340229370522182,0.04583972599591335,0.04566570467533477,0.005416267457633725,0.00017402132057858094
7,42324350,14.0,14.51,22.0,8.71,12.5,29.39,ACTIVE,,,475,0.07142857142857142,0.045454545454545456,0.0718694885361552,0.04545454545454545,0.05866201699535033,0.07768163966527337,0.07283837305475027,0.04578046745108752,0.045605373469394965,0.004843266610523103,0.0001750939816925548
7,42324350,14.0,14.71,22.0,8.71,12.5,29.39,ACTIVE,,,470,0.07142857142857142,0.045454545454545456,0.07142857142857142,0.04545454545454545,0.05844155844155843,0.07671962916731923,0.07243557259012774,0.04573032560546566,0.04556227975086653,0.0042840565771914835,0.0001680458545991262
7,42324350,14.0,14.71,22.0,8.71,12.5,29.39,ACTIVE,,,465,0.07142857142857142,0.045454545454545456,0.07142857142857142,0.04545454545454545,0.05844155844155843,0.07590562028443495,0.07214785797254022,0.045687897889939474,0.045531498523346224,0.00375776231189473,0.00015639936659325032
7,42324350,14.0,14.71,22.0,8.71,12.5,29.39,ACTIVE,,,460,0.07142857142857142,0.045454545454545456,0.07142857142857142,0.04545454545454545,0.05844155844155843,0.07521684353737904,0.07194234753140628,0.04565199751526347,0.045509511932260285,0.003274496005972752,0.00014248558300318515
7,42324350,14.0,14.71,22.0,8.71,12.5,29.39,ACTIVE,,,455,0.07142857142857142,0.045454545454545456,0.07142857142857142,0.04545454545454545,0.05844155844155843,0.07463403244371633,0.07179555435916775,0.045621620275153006,0.04549380722434176,0.002838478084548582,0.0001278130508112485
7,42324350,14.0,14.71,22.0,7.06,12.5,29.39,ACTIVE,,,450,0.07142857142857142,0.045454545454545456,0.07142857142857142,0.04545454545454545,0.05844155844155843,0.0741408845952325,0.07169070209328308,0.045595916456597996,0.04548258957582853,0.0024501825019494217,0.00011332688076946817
7,42324350,14.0,14.71,22.0,7.06,12.5,29.39,ACTIVE,,,445,0.07142857142857142,0.045454545454545456,0.07142857142857142,0.04545454545454545,0.05844155844155843,0.07372360564651542,0.07161580761765118,0.04557416707166683,0.045474576969747646,0.0021077980288642384,9.959010191918499e-05
7,42324350,14.0,14.71,20.0,6.18,12.5,29.39,ACTIVE,,,440,0.07142857142857142,0.05,0.07142857142857142,0.04621212121212121,0.058820346320346314,0.07337052345913943,0.0715623115636284,0.04625506444525655,0.046767554978391176,0.0018082118955110305,-0.0005124905331346241
7,42324350,15.0,11.83,20.0,6.18,12.5,29.39,ACTIVE,,,435,0.06666666666666667,0.05,0.07063492063492062,0.04696969696969697,0.05880230880230879,0.07233916087568208,0.07016355587878219,0.04683120837675554,0.04769111069885084,0.0021756049968998936,-0.0008599023220952975
7,42324350,15.0,11.83,20.0,6.18,12.5,29.39,ACTIVE,,,430,0.06666666666666667,0.05,0.06984126984126984,0.04772727272727273,0.058784271284271286,0.07146646945891048,0.06916444467532061,0.04731871478033161,0.04835079335632203,0.0023020247835898733,-0.0010320785759904208
7,42324350,15.0,11.83,20.0,6.18,12.5,29.39,ACTIVE,,,425,0.06666666666666667,0.05,0.06904761904761904,0.048484848484848485,0.05876623376623376,0.07072803826010374,0.0684507938157052,0.04773122019874213,0.048821995254515735,0.0022772444443985435,-0.0010907750557736032
7,42324350,15.0,11.83,20.0,6.18,12.5,29.39,ACTIVE,,,420,0.06666666666666667,0.05,0.06825396825396825,0.04924242424242425,0.058748196248196244,0.07010321186111342,0.06794104320169418,0.048080263245089495,0.04915856803893981,0.0021621686594192335,-0.001078304793850314
7,42324350,15.0,11.83,21.0,6.18,12.5,29.39,ACTIVE,,,415,0.06666666666666667,0.047619047619047616,0.06746031746031746,0.0496031746031746,0.05853174603174603,0.0695745126004293,0.06757693562025775,0.04800930699492921,0.04871870506182775,0.001997576980171542,-0.0007093980668985422
7,42324350,15.0,11.83,21.0,6.18,12.5,29.39,ACTIVE,,,410,0.06666666666666667,0.047619047619047616,0.06666666666666667,0.049206349206349205,0.05793650793650794,0.06912715168754274,0.06731685877637458,0.04794926709094743,0.04840451722103342,0.0018102929111681598,-0.00045525013008599485
7,42324350,15.0,11.83,21.0,6.18,12.5,29.39,ACTIVE,,,405,0.06666666666666667,0.047619047619047616,0.06666666666666667,0.04880952380952381,0.05773809523809524,0.06874861553048489,0.06713108960217232,0.047898464095270536,0.04818009733475176,0.0016175259283125742,-0.00028163323948122293
7,42324350,15.0,11.83,21.0,6.18,12.5,29.39,ACTIVE,,,400,0.06666666666666667,0.047619047619047616,0.06666666666666667,0.04841269841269841,0.057539682539682536,0.06842831570528209,0.06699839733488498,0.047855476945082395,0.04801979741597914,0.0014299183703971041,-0.00016432047089674773
7,42324350,15.0,11.83,21.0,6.18,12.5,29.39,ACTIVE,,,395,0.06666666666666667,0.047619047619047616,0.06666666666666667,0.04801587301587301,0.05734126984126984,0.06815729277626432,0.06690361714396546,0.04781910320261551,0.0479052974739987,0.0012536756322988618,-8.619427138319147e-05
7,42324350,15.0,11.83,21.0,6.18,12.5,29.39,ACTIVE,,,390,0.06666666666666667,0.047619047619047616,0.06666666666666667,0.047619047619047616,0.05714285714285714,0.06792796568248007,0.06683591700759438,0.04778832542052814,0.04782351180115553,0.0010920486748856872,-3.518638062739027e-05
7,42324350,15.0,11.83,21.0,6.18,12.5,29.39,ACTIVE,,,385,0.06666666666666667,0.047619047619047616,0.06666666666666667,0.047619047619047616,0.05714285714285714,0.06773391968004723,0.06678755976732932,0.04776228268183883,0.047765093463410416,0.000946359912717909,-2.8107815715841533e-06
7,42324350,15.0,11.83,21.0,6.18,12.5,29.39,ACTIVE,,,380,0.06666666666666667,0.047619047619047616,0.06666666666666667,0.047619047619047616,0.05714285714285714,0.06756972690875791,0.06675301888142571,0.047740246518332495,0.04772336607930676,0.0008167080273322053,1.688043902573627e-05
7,42324350,15.0,11.83,21.0,6.18,12.5,29.39,ACTIVE,,,375,0.06666666666666667,0.047619047619047616,0.06666666666666667,0.047619047619047616,0.05714285714285714,0.0674307945638208,0.06672834682006598,0.04772160053382713,0.04769356080494701,0.0007024477437548166,2.803972888012346e-05
7,42324350,15.0,11.83,21.0,6.18,12.5,29.39,ACTIVE,,,370,0.06666666666666667,0.047619047619047616,0.06666666666666667,0.047619047619047616,0.05714285714285714,0.06731323642579709,0.06671072391909474,0.047705823162322594,0.04767227132326146,0.0006025125067023462,3.355183906113279e-05
7,42324350,15.0,11.83,21.0,6.18,12.5,29.39,ACTIVE,,,365,0.06666666666666667,0.047619047619047616,0.06666666666666667,0.047619047619047616,0.05714285714285714,0.06721376415516164,0.06669813613268673,0.04769247307874183,0.04765706455062893,0.0005156280224749149,3.5408528112901294e-05
7,42324350,15.0,11.83,21.0,6.18,12.5,29.39,ACTIVE,,,360,0.06666666666666667,0.047619047619047616,0.06666666666666667,0.047619047619047616,0.05714285714285714,0.0671295953107778,0.066689144856681,0.047681176854173495,0.047646202570177126,0.0004404504540968107,3.4974283996368205e-05
7,42324350,15.0,11.83,21.0,6.18,12.5,29.39,ACTIVE,,,355,0.06666666666666667,0.047619047619047616,0.06666666666666667,0.047619047619047616,0.05714285714285714,0.06705837551937609,0.0666827225166769,0.047671618510307975,0.047638444012711556,0.00037565300269919166,3.317449759641933e-05
7,42324350,15.0,11.83,20.0,6.18,12.5,29.39,ACTIVE,,,350,0.06666666666666667,0.05,0.06666666666666667,0.04801587301587301,0.05734126984126984,0.06699811261895926,0.06667813513095969,0.04802983104718367,0.04831317429479397,0.0003199774879995704,-0.0002833432476102987
7,42324350,15.0,11.83,20.0,6.18,12.5,29.39,ACTIVE,,,345,0.06666666666666667,0.05,0.06666666666666667,0.04841269841269841,0.057539682539682536,0.06694712093399116,0.06667485842687597,0.04833293396300157,0.04879512449628141,0.0002722625071151924,-0.00046219053327983817
7,42324350,15.0,15.31,20.0,6.18,12.5,29.39,ACTIVE,,,340,0.06666666666666667,0.05,0.06666666666666667,0.04880952380952381,0.05773809523809524,0.06690397412363355,0.06667251792395902,0.048589405661001325,0.049139374640201,0.0002314561996745318,-0.0005499689791996776
7,42324350,15.0,15.31,20.0,6.18,12.5,29.39,ACTIVE,,,335,0.06666666666666667,0.05,0.06666666666666667,0.049206349206349205,0.05793650793650794,0.06686746528410019,0.0666708461361612,0.04880642017469343,0.04938526760014357,0.0001966191479389895,-0.0005788474254501408
7,42324350,15.0,15.31,20.0,6.18,12.5,29.39,ACTIVE,,,330,0.06666666666666667,0.05,0.06666666666666667,0.0496031746031746,0.05813492063492064,0.06683657318911042,0.06666965200201991,0.04899004784012521,0.04956090542867398,0.00016692118709051018,-0.0005708575885487732
7,42324350,15.0,15.31,20.0,6.18,12.5,29.39,ACTIVE,,,325,0.06666666666666667,0.05,0.06666666666666667,0.05000000000000001,0.058333333333333334,0.06681043372411907,0.06666879904906184,0.04914542509549056,0.049686361020481414,0.00014163467505723393,-0.0005409359249908541
7,42324350,15.0,15.31,20.0,6.18,12.5,29.39,ACTIVE,,,320,0.06666666666666667,0.05,0.06666666666666667,0.05000000000000001,0.058333333333333334,0.06678831571528024,0.06666818979694893,0.04927689815772278,0.04977597215748672,0.00012012591833131248,-0.000499073999763941
7,42324350,15.0,15.31,21.0,6.18,12.5,29.39,ACTIVE,,,315,0.06666666666666667,0.047619047619047616,0.06666666666666667,0.0496031746031746,0.05813492063492064,0.066769600477032,0.06666775461686827,0.049021844228695835,0.04915970800364698,0.00010184586016372121,-0.00013786377495114688
7,42324350,15.0,15.31,21.0,6.18,12.5,29.39,ACTIVE,,,310,0.06666666666666667,0.047619047619047616,0.06666666666666667,0.049206349206349205,0.05793650793650794,0.06675376450620656,0.06666744377395353,0.048806029365673034,0.04871951932233287,8.632073225302295e-05,8.651004334016277e-05
7,42324350,15.0,15.31,21.0,6.18,12.5,29.39,ACTIVE,,,305,0.06666666666666667,0.047619047619047616,0.06666666666666667,0.04880952380952381,0.05773809523809524,0.06674036483858503,0.06666722174330014,0.048623416789269125,0.048405098835679936,7.314309528488883e-05,0.00021831795358918937
7,42324350,15.0,15.31,21.0,6.18,12.5,29.39,ACTIVE,,,300,0.06666666666666667,0.047619047619047616,0.06666666666666667,0.048412698412698414,0.05753968253968254,0.0667290266582899,0.0666670631499763,0.0484688984553889,0.04818051277378499,6.196350831361164e-05,0.0002883856816039074
7,42324350,15.0,15.31,21.0,5.45,12.5,29.39,ACTIVE,,,295,0.06666666666666667,0.047619047619047616,0.06666666666666667,0.04801587301587301,0.05734126984126984,0.0667194328134248,0.06666694986903068,0.048338152172874856,0.048020094158145746,5.248294439411105e-05,0.00031805801472910983
7,42324350,15.0,16.27,22.0,7.17,12.5,29.39,ACTIVE,,,290,0.06666666666666667,0.045454545454545456,0.06666666666666667,0.047258297258297256,0.056962481962481964,0.06671131494469278,0.06666686895406954,0.04789452037005495,0.047287080242831375,4.4445990623240283e-05,0.0006074401272235727
7,42324350,15.0,16.27,22.0,7.17,12.5,29.39,ACTIVE,,,285,0.06666666666666667,0.045454545454545456,0.06666666666666667,0.0468975468975469,0.05678210678210678,0.0667044459788426,0.06666681115766872,0.04751913961382272,0.04676349887474968,3.76348211738875e-05,0.0007556407390730338
7,42324350,15.0,16.27,22.0,5.43,12.5,29.39,ACTIVE,,,280,0.06666666666666667,0.045454545454545456,0.06666666666666667,0.04653679653679654,0.056601731601731604,0.06669863377696938,0.06666676987452527,0.04720150974316468,0.04638951218326276,3.1863902444112524e-05,0.0008119975599019183
7,42324350,15.0,16.27,22.0,5.43,12.5,29.39,ACTIVE,,,275,0.06666666666666667,0.045454545454545456,0.06666666666666667,0.046176046176046176,0.05642135642135642,0.06669371575999973,0.06666674038656567,0.04693274600645403,0.04612237883220067,2.697537343405998e-05,0.0008103671742533611
7,42324350,15.0,16.27,22.0,5.43,12.5,29.39,ACTIVE,,,270,0.06666666666666667,0.045454545454545456,0.06666666666666667,0.045815295815295816,0.056240981240981244,0.06668955436102542,0.06666671932373738,0.04670533053692963,0.045931569295727746,2.28350372880326e-05,0.0007737612412018827
7,42324350,15.0,18.34,20.0,14.47,20.0,51.89,ACTIVE,,,265,0.06666666666666667,0.05,0.06666666666666667,0.04621212121212121,0.05643939393939394,0.06668603317727792,0.06666670427886004,0.04721220276201738,0.04709397806837696,1.932889841788077e-05,0.00011822469364042298
7,42324350,16.0,7.91,20.0,7.97,20.0,64.89,ACTIVE,,,260,0.0625,0.05,0.06597222222222222,0.046969696969696974,0.0564709595959596,0.06604202807308132,0.06547621734204288,0.047641094644783936,0.047924270048840686,0.000565810731038438,-0.00028317540405674996
7,42324350,16.5,7.95,20.0,7.97,20.0,64.89,ACTIVE,,,255,0.06060606060606061,0.05,0.06496212121212121,0.04772727272727273,0.05634469696969697,0.06520572538584736,0.0640847439889051,0.048004003160971025,0.04851733574917192,0.0011209813969422638,-0.000513332588200896
7,42324350,16.5,9.24,20.0,7.97,20.0,64.89,ACTIVE,,,250,0.06060606060606061,0.05,0.0639520202020202,0.048484848484848485,0.05621843434343435,0.06449808465049556,0.06309083445094953,0.048311079597744715,0.048940954106551374,0.0014072501995460313,-0.000629874508806659
7,42324350,16.5,9.24,20.0,7.97,20.0,64.89,ACTIVE,,,245,0.06060606060606061,0.05,0.06294191919191919,0.04924242424242425,0.05609217171717172,0.06389931172058248,0.062380899066695555,0.04857091350578399,0.049243538647536694,0.0015184126538869275,-0.0006726251417527029
7,42324350,16.5,9.24,20.0,7.97,20.0,64.89,ACTIVE,,,240,0.06060606060606061,0.05,0.06193181818181818,0.049999999999999996,0.05596590909090909,0.06339265770296373,0.061873802363657,0.04879077296643261,0.04945967046252621,0.001518855339306735,-0.0006688974960935984
7,42324350,16.5,11.55,20.0,7.97,20.0,64.89,ACTIVE,,,235,0.06060606060606061,0.05,0.060921717171717175,0.049999999999999996,0.055460858585858586,0.06296395045728632,0.06151159043291517,0.04897680789467375,0.049614050330375865,0.0014523600243711576,-0.0006372424357021164
7,42324350,16.5,11.55,20.0,7.97,20.0,64.89,ACTIVE,,,230,0.06060606060606061,0.05,0.06060606060606061,0.05000000000000001,0.05530303030303031,0.06260119817248237,0.06125286762524243,0.04913422206472394,0.04972432166455419,0.0013483305472399426,-0.0005900995998302516
7,42324350,16.5,9.24,20.0,7.97,20.0,64.89,ACTIVE,,,225,0.06060606060606061,0.05,0.06060606060606061,0.05000000000000001,0.05530303030303031,0.0622942539314944,0.06106806561976191,0.049267418670151025,0.04980308690325299,0.00122618831173249,-0.0005356682331019644
7,42324350,16.5,5.92,20.0,27.97,20.0,64.89,ACTIVE,,,220,0.06060606060606061,0.05,0.06060606060606061,0.049999999999999996,0.0553030303030303,0.06203453188142767,0.06093606418727583,0.04938012349012779,0.04985934778803785,0.001098467694151839,-0.00047922429791005805
7,42324350,16.5,5.92,20.0,27.97,20.0,64.89,ACTIVE,,,215,0.06060606060606061,0.05,0.06060606060606061,0.049999999999999996,0.0553030303030303,0.06181476706983274,0.060841777449785764,0.04947548910703121,0.04989953413431275,0.0009729896200469795,-0.000424045027281543
7,42324350,16.5,9.24,20.0,27.97,20.0,64.89,ACTIVE,,,210,0.06060606060606061,0.05,0.06060606060606061,0.05000000000000001,0.05530303030303031,0.061628812229252414,0.060774429780150005,0.049556183090564865,0.04992823866736625,0.0008543824491024088,-0.0003720555768013875
7,42324350,16.5,9.24,20.0,35.74,18.0,67.16,ACTIVE,,,205,0.06060606060606061,0.05,0.06060606060606061,0.05000000000000001,0.05530303030303031,0.06147146582568444,0.06072632430183875,0.049624462615093345,0.04994874190526161,0.0007451415238456938,-0.0003242792901682612
7,42324350,16.5,9.24,19.5,6.73,18.0,69.56,ACTIVE,,,200,0.06060606060606061,0.05128205128205128,0.06060606060606061,0.05021367521367521,0.055409867909867905,0.06133832656112692,0.060691963245902134,0.0498794762561638,0.05032968744148723,0.0006463633152247877,-0.0004502111853234292
7,42324350,16.5,8.28,18.0,25.0,18.0,69.56,ACTIVE,,,195,0.06060606060606061,0.05555555555555555,0.06060606060606061,0.05113960113960114,0.055872830872830875,0.06122567026034749,0.06066741963451884,0.05075271922530099,0.05182279261693532,0.000558250625828649,-0.0010700733916343338
7,42324350,16.5,6.8,18.0,25.0,17.0,72.52,ACTIVE,,,190,0.06060606060606061,0.05555555555555555,0.06060606060606061,0.05206552706552706,0.05633579383579383,0.06113034569814951,0.06064988848353077,0.05149161712226323,0.05288929631368396,0.000480457214618743,-0.0013976791914207323
7,42324350,16.5,6.78,18.0,12.96,16.5,95.09,ACTIVE,,,185,0.06060606060606061,0.05555555555555555,0.06060606060606061,0.05299145299145299,0.0567987567987568,0.06104968645321275,0.06063736623282501,0.05211683841969282,0.05365108466850442,0.0004123202203877435,-0.0015342462488115993
7,42324350,16.5,6.77,18.0,12.96,16.5,95.12,ACTIVE,,,180,0.06060606060606061,0.05555555555555555,0.06060606060606061,0.05391737891737891,0.05726171976171976,0.06098143632288165,0.06062842176803518,0.05264587182521016,0.05419521920766189,0.00035301455484647304,-0.0015493473824517295
7,42324350,16.5,6.77,18.0,12.96,16.5,95.12,ACTIVE,,,175,0.06060606060606061,0.05555555555555555,0.06060606060606061,0.05484330484330483,0.057724682724682716,0.0609236862126015,0.06062203286461387,0.05309351547603253,0.05458388673563151,0.0003016533479876238,-0.0014903712595989854
7,42324350,16.5,6.77,18.0,12.96,16.5,95.12,ACTIVE,,,170,0.06060606060606061,0.05555555555555555,0.06060606060606061,0.05555555555555555,0.05808080808080808,0.060874820734672125,0.06061746936217008,0.05347229087288223,0.05486150639846695,0.000257351372502046,-0.0013892155255847208
7,42324350,16.5,6.77,18.0,12.96,16.5,95.12,ACTIVE,,,165,0.06060606060606061,0.05555555555555555,0.06060606060606061,0.05555555555555556,0.05808080808080808,0.06083347302257805,0.06061420971756737,0.05379279313175506,0.05505980615763512,0.0002192633050106807,-0.0012670130258800663
7,42324350,16.5,6.77,18.0,12.96,16.5,95.12,ACTIVE,,,160,0.06060606060606061,0.05555555555555555,0.06060606060606061,0.05555555555555555,0.05808080808080808,0.060798486496959986,0.060611881399994,0.054063987350801285,0.05520144884275525,0.00018660509696598326,-0.001137461491953963
7,42324350,16.5,11.77,18.0,12.96,16.5,95.12,ACTIVE,,,155,0.06060606060606061,0.05555555555555555,0.06060606060606061,0.05555555555555556,0.05808080808080808,0.060768882513744696,0.06061021831601303,0.05429345938230194,0.055302622189269623,0.00015866419773166718,-0.0010091628069676811
7,42324350,16.5,11.77,18.0,12.96,16.5,95.12,ACTIVE,,,150,0.06060606060606061,0.05555555555555555,0.06060606060606061,0.05555555555555555,0.05808080808080808,0.0607438329894856,0.06060903039888377,0.054487628024340956,0.055374888865351315,0.00013480259060183464,-0.0008872608410103594
7,42324350,16.5,11.77,18.0,12.96,16.5,95.12,ACTIVE,,,145,0.06060606060606061,0.05555555555555555,0.06060606060606061,0.05555555555555556,0.05808080808080808,0.06072263723818945,0.060608181886648585,0.054651924567604745,0.05542650791969538,0.00011445535154086528,-0.0007745833520906367
7,42324350,16.5,11.77,18.0,12.96,16.5,95.12,ACTIVE,,,140,0.06060606060606061,0.05555555555555555,0.06060606060606061,0.05555555555555555,0.05808080808080808,0.060704702371708094,0.06060757580648059,0.05479094471959718,0.05546337867279829,9.712656522750662e-05,-0.0006724339532011084
7,42324350,16.5,11.77,18.0,12.96,16.5,95.12,ACTIVE,,,135,0.06060606060606061,0.05555555555555555,0.06060606060606061,0.05555555555555556,0.05808080808080808,0.060689526715454634,0.060607142892074875,0.054908577155898475,0.05548971492501465,8.238382337975858e-05,-0.0005811377691161759
7,42324350,17.0,18.48,18.0,12.96,16.5,95.12,ACTIVE,,,130,0.058823529411764705,0.05555555555555555,0.06030897207367796,0.05555555555555555,0.05793226381461676,0.06040245020719465,0.06009753904055769,0.05500811229430726,0.055508526533740624,0.00030491116663695916,-0.0005004142394333666
7,42324350,15.0,31.23,18.0,15.17,17.0,132.09,ACTIVE,,,125,0.06666666666666667,0.05555555555555555,0.061319073083778965,0.05555555555555556,0.05843731431966726,0.06136617581634419,0.0619744326480174,0.05509233433449931,0.05552196339711632,-0.0006082568316732109,-0.0004296290626170096
7,42324350,16.0,11.43,18.0,7.21,17.0,144.19,ACTIVE,,,120,0.0625,0.05555555555555555,0.06163472964943553,0.05555555555555555,0.05859514260249554,0.06154061030613739,0.06212459474858386,0.05516359913773873,0.055531561156670385,-0.000583984442446471,-0.0003679620189316543
7,42324350,16.0,16.43,18.0,7.21,17.0,144.19,ACTIVE,,,115,0.0625,0.05555555555555555,0.0619503862150921,0.05555555555555556,0.05875297088532383,0.06168820872057779,0.062231853391845615,0.05522390012509516,0.055538416699209,-0.000543644671267822,-0.0003145165741138406
7,42324350,16.0,16.44,18.0,7.21,17.0,144.19,ACTIVE,,,110,0.0625,0.05555555555555555,0.06226604278074866,0.05555555555555555,0.0589107991681521,0.061813099686642746,0.06230846670846115,0.05527492403747368,0.055543313515308015,-0.0004953670218184048,-0.0002683894778343354
7,42324350,17.0,9.0,20.0,14.97,17.0,156.32,ACTIVE,,,105,0.058823529411764705,0.05,0.061968954248366015,0.05462962962962963,0.05829929193899783,0.06135316579819997,0.061312770337976455,0.05446339726247773,0.05395950965379144,4.039546022351764e-05,0.0005038876086862903
7,42324350,16.5,14.62,20.0,12.66,17.0,156.32,ACTIVE,,,100,0.06060606060606061,0.05,0.06226604278074866,0.0537037037037037,0.057984873242226176,0.06123822653787084,0.06111085327171478,0.05377672076055808,0.0528282211812796,0.0001273732661560556,0.0009484995792784848
7,42324350,16.5,9.62,20.0,11.14,17.0,156.32,ACTIVE,,,95,0.06060606060606061,0.05,0.06125594177064766,0.05277777777777778,0.05701685977421272,0.061140970240669265,0.06096662679581359,0.0531956867973953,0.05202015798662828,0.00017434344485567355,0.001175528810767018
7,42324350,16.5,14.62,20.0,9.94,17.0,156.32,ACTIVE,,,90,0.06060606060606061,0.05,0.06094028520499109,0.05185185185185185,0.05639606852842147,0.061058676450729474,0.06086360788445559,0.0527040426747191,0.05144296999044877,0.00019506856627388158,0.0012610726842703299
7,42324350,17.0,9.03,19.5,9.75,17.0,156.32,ACTIVE,,,85,0.058823529411764705,0.05128205128205128,0.06032754010695187,0.051139601139601136,0.0557335706232765,0.06071480767550413,0.06028072832082962,0.052485274768154816,0.05139699321662091,0.0004340793546745089,0.0010882815515339053
7,42324350,17.0,13.29,19.5,10.45,17.0,156.32,ACTIVE,,,80,0.058823529411764705,0.05128205128205128,0.059714795008912656,0.050427350427350436,0.055071072718131546,0.06042384178877499,0.0598643857753825,0.05230016346260043,0.05136415266388673,0.0005594560133924883,0.0009360107987137004
7,42324350,16.5,14.49,19.5,9.75,17.0,156.32,ACTIVE,,,75,0.06060606060606061,0.05128205128205128,0.0600118835412953,0.05064102564102565,0.05532645459116048,0.06045187545297277,0.060076292869861964,0.05214353081943902,0.05134069512621946,0.00037558258311080894,0.0008028356932195599
7,42324350,16.5,14.18,19.5,9.75,17.0,156.95,ACTIVE,,,70,0.06060606060606061,0.05128205128205128,0.0600118835412953,0.05085470085470085,0.05543329219799807,0.06047559624575552,0.06022765508020443,0.05201099550599475,0.05132393974217141,0.00024794116555108825,0.0006870557638233438
7,42324350,16.5,14.18,19.5,9.75,17.0,156.95,ACTIVE,,,65,0.06060606060606061,0.05128205128205128,0.0600118835412953,0.05106837606837606,0.05554012980483568,0.06049566768580246,0.06033577094473477,0.051898850240772676,0.05131197161070851,0.00015989674106768603,0.0005868786300641665
7,42324350,16.5,14.13,19.5,9.75,17.0,157.06,ACTIVE,,,60,0.06060606060606061,0.05128205128205128,0.0600118835412953,0.05128205128205129,0.0556469674116733,0.06051265121199602,0.060412996562256446,0.05180395809327708,0.05130342294537787,9.965464973957228e-05,0.0005005351478992101
7,42324350,18.0,11.77,19.5,6.19,19.0,166.01,ACTIVE,,,55,0.05555555555555555,0.05128205128205128,0.059467221231927124,0.05128205128205129,0.055374636256989206,0.05975002111100518,0.05902515627462762,0.05172366473770388,0.051297316755855984,0.0007248648363775562,0.0004263479818478952
7,42324350,17.0,18.78,20.0,17.63,18.0,186.12,ACTIVE,,,50,0.058823529411764705,0.05,0.059467221231927124,0.05106837606837606,0.05526779865015159,0.059607483926506645,0.058967548599523925,0.0514584855472879,0.050926654825611414,0.0006399353269827199,0.0005318307216764864
7,42324350,18.0,12.59,20.0,21.38,18.0,186.19,ACTIVE,,,45,0.05555555555555555,0.05,0.05862547039017627,0.05085470085470085,0.05474008562243856,0.05898411033097571,0.05799269344410439,0.051234103155397455,0.05066189630400815,0.0009914168868713213,0.000572206851389305
7,42324350,17.5,13.7,19.0,6.46,17.5,195.7,ACTIVE,,,40,0.05714285714285714,0.05263157894736842,0.0580482698129757,0.051079622132253706,0.0545639459726147,0.058700840609726704,0.05774988307231946,0.0514490994310853,0.05122466277353965,0.000950957537407246,0.0002244366575456444
7,42324350,17.0,20.22,18.5,18.85,17.5,209.62,ACTIVE,,,35,0.058823529411764705,0.05405405405405406,0.05775118128059304,0.051541622594254176,0.05464640193742361,0.05871971581004024,0.058056639169303814,0.051849861680772796,0.052033060282258056,0.0006630766407364277,-0.0001831986014852599
7,42324350,16.5,17.66,18.0,6.44,17.0,219.36,ACTIVE,,,30,0.06060606060606061,0.05555555555555555,0.05775118128059304,0.05225387330650488,0.05500252729354896,0.059009922701735676,0.05878504529409147,0.05241996843073937,0.0530394875032002,0.00022487740764420838,-0.0006195190724608279
7,42324350,16.0,14.15,17.5,6.32,16.5,260.74,ACTIVE,,,25,0.0625,0.05714285714285714,0.05890858868800045,0.05323067428330586,0.05606963148565315,0.05954685767069942,0.05984646092435105,0.05314656669414211,0.054211878828816465,-0.00029960325365162993,-0.0010653121346743538
7,42324350,16.0,14.33,17.0,7.18,16.0,262.79,ACTIVE,,,20,0.0625,0.058823529411764705,0.05952133378603967,0.054701262518599976,0.05711129815231982,0.060001187259822585,0.06060461494596504,0.05401994557377636,0.05552949328108739,-0.000603427686142452,-0.0015095477073110292
7,42324350,16.5,14.84,18.5,21.81,18.0,292.12,ACTIVE,,,15,0.06060606060606061,0.05405405405405406,0.06036308462779052,0.05537693819427566,0.05787001141103309,0.06009424469770536,0.060605027991706625,0.05402519303228062,0.05510793921622072,-0.0005107832940012685,-0.0010827461839400948
7,42324350,16.0,11.58,18.0,10.96,17.0,406.45,ACTIVE,,,10,0.0625,0.05555555555555555,0.06125594177064766,0.055864267628973514,0.058560104699810586,0.06046436089805838,0.06114644856550473,0.05426063342047677,0.055235829598887815,-0.000682087667446353,-0.0009751961784110474
7,42324350,16.0,24.22,17.5,7.03,17.5,414.62,ACTIVE,,,5,0.0625,0.05714285714285714,0.06186868686868687,0.056379068143774025,0.05912387750623045,0.06077753614451094,0.061533177546789095,0.05470405245468914,0.05578069461145048,-0.0007556414022781566,-0.0010766421567613427
7,42324350,17.0,6.06,17.5,24.21,18.0,418.23,ACTIVE,,,0,0.058823529411764705,0.05714285714285714,0.06157159833630422,0.05664361840832429,0.059107608372314255,0.060476919724088446,0.06075899236535355,0.05507925317594575,0.0561698839061381,-0.0002820726412651048,-0.0010906307301923462
